Date,Channel,Age_Group,Gender,Impressions,Clicks,Cost,Conversions,Revenue
2025-01-01,Facebook,50s+,Male,15412,578,100308,27,723225
2025-01-01,Google,20s,Male,11990,897,103029,26,1680444
2025-01-01,Naver,50s+,Female,18503,471,158046,48,1580303
2025-01-01,Organic,30s,Female,6866,686,81358,28,520546
2025-01-01,Naver,30s,Male,5250,525,295050,23,1505721
2025-01-01,Facebook,30s,Male,11974,361,109972,39,1765516
2025-01-01,Facebook,30s,Female,14083,155,79464,1,424394
2025-01-01,Google,40s,Male,14872,431,221715,17,1677619
2025-01-01,Facebook,20s,Female,15249,176,184655,1,271550
2025-01-01,Facebook,20s,Male,6518,651,57393,27,139854
2025-01-01,Facebook,20s,Female,7536,753,116757,9,522126
2025-01-01,Facebook,30s,Female,17126,680,138332,28,641825
2025-01-01,Google,50s+,Female,14972,301,50832,19,1654250
2025-01-01,Google,40s,Female,16131,802,53791,35,1727164
2025-01-01,Instagram,40s,Male,11441,421,199177,41,1565459
2025-01-01,Facebook,30s,Male,16676,952,278617,4,120491
2025-01-01,Organic,20s,Female,11320,196,156744,18,1507536
2025-01-01,Instagram,20s,Female,14632,900,182119,9,817807
2025-01-01,Google,40s,Female,11685,287,139501,15,1777642
2025-01-01,Instagram,30s,Female,11286,781,115106,43,514544
2025-01-01,Facebook,40s,Female,9219,534,275288,29,317941
2025-01-01,Instagram,30s,Female,17088,785,277049,49,511819
2025-01-01,Organic,20s,Male,7755,296,133233,19,1362383
2025-01-01,Google,50s+,Male,17712,120,168400,24,1847693
2025-01-02,Instagram,40s,Female,9532,345,162970,5,714169
2025-01-02,Naver,20s,Male,14492,956,173175,29,1790608
2025-01-02,Naver,50s+,Female,8780,641,274416,31,1616186
2025-01-02,Facebook,40s,Male,16981,444,211879,11,1207429
2025-01-02,Facebook,30s,Male,7387,738,244415,6,1039499
2025-01-02,Google,30s,Female,18607,540,88583,7,989354
2025-01-02,Google,30s,Female,15171,469,194254,3,289476
2025-01-02,Facebook,40s,Female,10423,669,252490,20,1281093
2025-01-02,Google,30s,Female,8201,668,187296,11,1005939
2025-01-02,Naver,20s,Female,17829,480,224353,47,1042465
2025-01-02,Instagram,20s,Male,14352,563,173203,11,1921589
2025-01-02,Facebook,40s,Male,14566,498,99805,19,1626091
2025-01-02,Facebook,30s,Female,19168,937,65293,7,1678334
2025-01-02,Google,40s,Female,11285,790,254748,17,807786
2025-01-02,Organic,20s,Male,5540,147,118503,29,1483519
2025-01-02,Google,30s,Male,7508,454,248869,23,128471
2025-01-02,Organic,20s,Female,15313,179,94390,24,1783556
2025-01-02,Google,20s,Male,18662,658,208900,12,719105
2025-01-02,Google,50s+,Female,17495,209,296921,1,1273212
2025-01-02,Naver,20s,Male,7345,634,289126,30,202215
2025-01-02,Google,40s,Female,6561,289,237779,25,774867
2025-01-02,Google,50s+,Male,12697,923,114918,20,652863
2025-01-02,Google,20s,Male,11185,602,187340,46,1652441
2025-01-02,Naver,30s,Male,14234,846,241331,44,391872
2025-01-02,Google,40s,Male,18187,526,272648,22,1978862
2025-01-02,Naver,20s,Male,11842,112,64254,22,1009820
2025-01-02,Naver,20s,Female,19592,334,73016,43,1125963
2025-01-02,Facebook,30s,Female,18859,136,63490,27,1494185
2025-01-02,Google,50s+,Male,10386,547,261732,9,1289725
2025-01-02,Organic,20s,Female,10928,438,132762,31,894711
2025-01-02,Instagram,40s,Female,15306,450,91818,22,460948
2025-01-03,Organic,30s,Male,16924,105,115368,3,1281079
2025-01-03,Google,50s+,Female,18296,450,149913,32,845976
2025-01-03,Google,40s,Male,16397,180,139181,11,1524864
2025-01-03,Google,50s+,Female,14678,391,66026,20,1075119
2025-01-03,Naver,20s,Female,18892,104,260459,4,289737
2025-01-03,Google,30s,Female,19862,735,59582,3,1322267
2025-01-03,Google,20s,Female,18335,853,209801,49,826141
2025-01-03,Organic,40s,Male,15618,120,286486,11,469318
2025-01-03,Naver,40s,Male,11925,381,80715,8,922844
2025-01-03,Organic,20s,Female,11046,365,242929,44,569678
2025-01-03,Facebook,20s,Female,7481,545,214216,14,1918600
2025-01-03,Facebook,20s,Female,13095,756,121936,14,1576900
2025-01-03,Google,50s+,Male,5385,538,93723,9,674487
2025-01-03,Google,40s,Male,10024,134,279132,26,1091458
2025-01-03,Naver,40s,Male,17300,222,51920,38,1865760
2025-01-03,Google,50s+,Male,16185,843,51152,26,638623
2025-01-04,Naver,50s+,Female,5839,474,269330,3,1743973
2025-01-04,Google,40s,Male,14159,548,281309,29,752602
2025-01-04,Facebook,40s,Female,9346,468,88174,30,147926
2025-01-04,Google,50s+,Male,9855,178,277026,35,1559662
2025-01-04,Instagram,20s,Male,14234,240,170708,48,1567389
2025-01-04,Naver,20s,Male,7855,355,127543,15,1046543
2025-01-04,Google,30s,Female,16748,819,267941,46,556115
2025-01-04,Google,40s,Female,10244,278,242686,29,1058217
2025-01-04,Google,40s,Male,16286,845,181662,29,1001846
2025-01-04,Google,30s,Male,8999,441,197406,14,1981559
2025-01-04,Facebook,50s+,Female,8030,493,212315,42,434574
2025-01-04,Facebook,50s+,Male,9557,105,286395,2,689237
2025-01-04,Naver,30s,Male,19593,128,267248,25,840717
2025-01-04,Facebook,50s+,Female,8315,532,105855,48,249333
2025-01-04,Facebook,20s,Female,9674,967,259449,32,147626
2025-01-04,Google,50s+,Male,6707,670,170246,3,932144
2025-01-04,Organic,30s,Male,18329,212,152568,21,311753
2025-01-04,Organic,30s,Male,6523,575,90406,44,849503
2025-01-04,Google,30s,Male,12096,595,85448,4,431602
2025-01-04,Facebook,20s,Female,15546,336,127686,13,1377315
2025-01-04,Google,20s,Male,8227,474,218322,7,1888312
2025-01-04,Google,50s+,Male,8380,182,124139,22,1595170
2025-01-04,Organic,50s+,Male,18162,691,195195,21,1521636
2025-01-04,Organic,50s+,Female,16194,346,272292,23,1309307
2025-01-04,Facebook,40s,Female,15611,960,109819,48,1890946
2025-01-04,Naver,20s,Female,10108,883,276252,42,1961453
2025-01-04,Facebook,50s+,Female,14889,638,283554,42,283783
2025-01-04,Facebook,30s,Female,16802,415,81601,6,422918
2025-01-04,Instagram,20s,Male,8628,236,128850,45,302706
2025-01-05,Organic,50s+,Female,15932,624,296676,44,175749
2025-01-05,Google,30s,Male,10577,592,268609,34,1478794
2025-01-05,Google,30s,Female,16601,885,160242,32,909101
2025-01-05,Naver,40s,Female,11283,569,209634,25,846152
2025-01-05,Facebook,50s+,Female,13708,269,61418,49,1401709
2025-01-05,Facebook,30s,Male,16072,542,161757,15,583087
2025-01-05,Naver,20s,Male,16575,516,55711,47,916839
2025-01-05,Facebook,20s,Female,15017,572,298520,9,1639440
2025-01-05,Facebook,20s,Female,7133,713,50297,6,634208
2025-01-05,Google,50s+,Male,13079,415,67248,10,1200107
2025-01-05,Facebook,20s,Male,11959,601,145324,12,896471
2025-01-05,Facebook,50s+,Male,14605,248,136552,28,139678
2025-01-05,Organic,30s,Female,18035,875,143538,38,1743783
2025-01-05,Facebook,30s,Female,17663,239,192517,2,722057
2025-01-05,Facebook,20s,Male,6990,453,180783,5,332845
2025-01-05,Google,40s,Male,16338,842,216192,24,1866434
2025-01-05,Instagram,20s,Female,13441,615,196713,5,1039558
2025-01-05,Instagram,40s,Male,17516,319,111319,35,1871498
2025-01-05,Facebook,50s+,Male,18359,508,59627,36,1643985
2025-01-05,Google,40s,Female,5805,285,244091,18,930490
2025-01-05,Google,50s+,Male,7102,710,259997,10,1451870
2025-01-05,Naver,30s,Female,7321,571,244965,19,558741
2025-01-06,Google,20s,Male,7838,260,164415,27,801237
2025-01-06,Facebook,20s,Male,15638,445,198498,14,790013
2025-01-06,Facebook,20s,Female,8201,820,215330,46,1103750
2025-01-06,Google,40s,Male,14832,451,131510,46,159104
2025-01-06,Google,30s,Female,13006,322,225682,3,1180232
2025-01-06,Google,40s,Female,7338,622,266699,23,989719
2025-01-06,Organic,20s,Female,19545,577,222383,38,735735
2025-01-06,Facebook,20s,Female,8529,378,69216,15,856547
2025-01-06,Google,20s,Female,12691,817,95284,47,703673
2025-01-06,Facebook,50s+,Female,8517,271,235901,28,1240662
2025-01-06,Facebook,20s,Female,8818,637,266078,1,1607036
2025-01-06,Google,40s,Female,10123,233,52646,19,611849
2025-01-06,Google,50s+,Male,12672,628,141891,21,908079
2025-01-06,Instagram,20s,Female,12922,727,155106,1,665749
2025-01-06,Naver,50s+,Male,14404,723,128046,14,1218553
2025-01-06,Organic,30s,Female,15373,314,242375,45,290209
2025-01-06,Naver,50s+,Male,14299,717,272670,32,691908
2025-01-06,Naver,40s,Female,15845,267,256579,46,650103
2025-01-06,Facebook,50s+,Female,19256,671,175568,19,1464516
2025-01-06,Google,30s,Male,19514,159,138359,31,1440539
2025-01-06,Naver,50s+,Male,8052,538,233507,46,316698
2025-01-07,Naver,40s,Male,18930,654,168397,49,1802025
2025-01-07,Naver,40s,Male,19602,813,176769,16,1860759
2025-01-07,Organic,20s,Male,7813,426,73344,34,521841
2025-01-07,Instagram,20s,Female,15954,331,119007,14,143920
2025-01-07,Facebook,40s,Male,13983,917,151619,20,1430638
2025-01-07,Google,40s,Female,5707,570,117910,41,217812
2025-01-07,Naver,40s,Female,19910,721,297051,11,290795
2025-01-07,Facebook,20s,Male,17367,941,90390,21,720451
2025-01-07,Organic,40s,Male,12345,316,116380,8,1025127
2025-01-07,Naver,30s,Female,11421,798,227804,26,1175939
2025-01-07,Google,20s,Female,9669,244,258826,22,690843
2025-01-07,Instagram,30s,Female,5430,189,122751,37,1181046
2025-01-07,Facebook,50s+,Female,9981,225,187624,37,365254
2025-01-07,Facebook,30s,Male,19715,679,83575,16,1782471
2025-01-07,Facebook,50s+,Male,15028,588,208460,35,1582872
2025-01-07,Google,40s,Male,11804,671,177901,47,1506339
2025-01-07,Google,40s,Male,11582,894,189368,48,1966296
2025-01-07,Facebook,40s,Male,14228,912,186078,19,1258567
2025-01-07,Naver,40s,Female,19078,424,182932,49,589127
2025-01-07,Google,40s,Male,10541,681,235737,23,1690172
2025-01-07,Google,40s,Male,13880,452,241837,33,864228
2025-01-07,Facebook,30s,Female,11320,940,91819,4,169987
2025-01-07,Organic,30s,Male,13637,423,59766,24,1803807
2025-01-07,Naver,50s+,Female,8586,858,230969,35,846904
2025-01-07,Facebook,30s,Male,13633,494,256891,29,396363
2025-01-07,Facebook,50s+,Male,11029,401,207113,20,1241213
2025-01-07,Google,50s+,Male,11713,683,267617,23,495408
2025-01-07,Naver,50s+,Male,12650,151,279670,30,430369
2025-01-07,Facebook,50s+,Female,13571,946,108856,40,602570
2025-01-07,Google,20s,Male,7022,641,174081,10,786624
2025-01-07,Facebook,50s+,Female,12878,835,235811,5,425112
2025-01-07,Google,20s,Female,18190,180,75129,36,1612516
2025-01-07,Organic,40s,Male,10275,748,120354,20,774447
2025-01-07,Google,50s+,Female,8631,721,87589,24,227395
2025-01-08,Google,40s,Male,17649,632,263663,13,1452029
2025-01-08,Organic,50s+,Male,9793,232,295306,8,1432884
2025-01-08,Naver,20s,Female,11995,507,232211,31,822765
2025-01-08,Google,50s+,Male,19393,510,188356,31,782849
2025-01-08,Instagram,20s,Male,9540,954,118277,19,1374219
2025-01-08,Instagram,50s+,Female,7831,114,100862,12,491684
2025-01-08,Google,30s,Male,16858,279,106843,24,324679
2025-01-08,Naver,40s,Male,19781,668,57170,14,1188887
2025-01-08,Organic,40s,Male,18084,878,176778,13,1945066
2025-01-08,Google,30s,Female,12184,487,100875,34,360352
2025-01-08,Organic,40s,Female,12313,115,109201,4,1666290
2025-01-08,Organic,20s,Female,19024,191,143901,38,1035178
2025-01-08,Google,20s,Female,13363,860,125708,24,898059
2025-01-08,Facebook,50s+,Female,7239,423,156349,9,1840000
2025-01-08,Google,40s,Male,5460,546,81525,15,1443946
2025-01-08,Facebook,50s+,Male,10125,954,267611,22,842394
2025-01-08,Facebook,30s,Male,13272,445,121918,49,1988779
2025-01-08,Facebook,40s,Female,17724,208,134449,2,776605
2025-01-08,Google,40s,Female,5428,542,240975,19,1523019
2025-01-08,Organic,20s,Male,8281,828,103002,13,1373410
2025-01-08,Google,30s,Male,17469,472,92538,12,863173
2025-01-08,Instagram,40s,Female,7942,232,231490,25,134404
2025-01-08,Facebook,50s+,Male,5258,378,246258,19,725949
2025-01-08,Naver,40s,Female,11245,199,52253,8,1654872
2025-01-08,Instagram,40s,Female,8215,585,54458,25,245155
2025-01-08,Google,40s,Male,12478,263,141964,31,1830920
2025-01-09,Naver,50s+,Male,11272,804,70797,4,791405
2025-01-09,Instagram,40s,Female,14092,895,161978,42,832106
2025-01-09,Naver,40s,Male,10971,711,121530,38,308614
2025-01-09,Organic,50s+,Male,8436,299,136258,12,1516075
2025-01-09,Facebook,40s,Male,19778,890,279702,24,1716853
2025-01-09,Facebook,50s+,Male,8962,437,80422,8,1709823
2025-01-09,Naver,30s,Male,5798,477,173836,24,1227857
2025-01-09,Facebook,50s+,Female,6142,614,215268,35,1449865
2025-01-09,Organic,50s+,Male,11372,675,287030,33,742194
2025-01-09,Naver,40s,Male,13155,347,178608,28,918550
2025-01-09,Google,30s,Female,13407,319,92177,39,757987
2025-01-09,Organic,50s+,Male,8979,516,200077,13,644953
2025-01-09,Google,50s+,Female,14089,568,220365,2,1145479
2025-01-09,Naver,20s,Male,16363,569,181220,49,1976845
2025-01-09,Naver,30s,Male,8011,701,161181,44,226638
2025-01-09,Google,50s+,Male,7828,782,278512,25,500410
2025-01-09,Google,30s,Female,16566,594,299086,1,1835296
2025-01-09,Naver,20s,Female,5867,586,165213,22,372172
2025-01-10,Google,40s,Male,8090,607,116499,1,347434
2025-01-10,Instagram,50s+,Male,19762,923,123655,11,353117
2025-01-10,Google,30s,Female,8339,463,278053,27,650138
2025-01-10,Naver,30s,Female,18640,776,195315,16,798537
2025-01-10,Instagram,40s,Female,16324,481,190752,21,1805490
2025-01-10,Google,20s,Female,6487,578,208308,32,1542842
2025-01-10,Naver,30s,Female,5885,588,276063,23,1124054
2025-01-10,Google,40s,Female,7309,492,67619,36,750193
2025-01-10,Facebook,20s,Male,6964,537,157438,42,1008983
2025-01-10,Organic,30s,Male,17012,928,155916,35,207638
2025-01-10,Organic,30s,Female,17962,289,217547,21,600396
2025-01-10,Organic,40s,Male,19837,858,93728,10,1599532
2025-01-10,Organic,40s,Male,10411,401,115580,6,1499631
2025-01-10,Facebook,20s,Male,10366,350,212201,15,1574592
2025-01-10,Facebook,40s,Female,7110,294,62862,12,1798302
2025-01-10,Facebook,20s,Female,10634,517,190958,32,702706
2025-01-10,Facebook,30s,Female,13255,880,234440,31,654760
2025-01-10,Google,30s,Male,19318,857,274777,24,1228439
2025-01-10,Naver,20s,Male,13258,628,230679,41,1389552
2025-01-10,Naver,40s,Female,14661,166,52617,33,355549
2025-01-10,Instagram,30s,Female,16115,476,203145,20,1142689
2025-01-10,Google,40s,Female,15877,669,132398,18,1809289
2025-01-10,Facebook,30s,Male,13312,674,93700,29,1275253
2025-01-10,Facebook,40s,Male,6401,640,212252,6,969225
2025-01-10,Instagram,40s,Male,10251,744,174459,37,160041
2025-01-10,Naver,20s,Male,6982,354,273570,18,614466
2025-01-10,Facebook,40s,Male,5376,392,123128,11,1240760
2025-01-11,Facebook,50s+,Male,6717,671,72250,29,1329833
2025-01-11,Naver,50s+,Male,16596,445,150584,39,787878
2025-01-11,Naver,50s+,Female,13456,633,91971,14,1516500
2025-01-11,Google,30s,Female,19545,972,267258,29,730961
2025-01-11,Naver,50s+,Male,18173,899,287050,13,187170
2025-01-11,Instagram,30s,Female,6983,416,175185,4,1744757
2025-01-11,Organic,50s+,Female,13144,475,276176,19,358922
2025-01-11,Google,30s,Male,11001,511,113786,15,392693
2025-01-11,Facebook,20s,Female,9398,743,75776,35,1831384
2025-01-11,Instagram,50s+,Female,12410,177,177136,35,361972
2025-01-11,Organic,30s,Female,13452,533,259908,28,915999
2025-01-11,Facebook,40s,Female,18815,168,261689,33,1183376
2025-01-11,Instagram,30s,Male,19551,281,68106,23,294252
2025-01-11,Facebook,50s+,Male,16720,872,188699,47,1388089
2025-01-11,Facebook,30s,Female,16274,649,252270,6,724845
2025-01-11,Facebook,30s,Male,7811,433,170198,37,230777
2025-01-11,Organic,50s+,Male,12083,663,296137,38,335260
2025-01-11,Naver,20s,Female,14480,146,236213,29,1247124
2025-01-11,Facebook,50s+,Female,17976,553,111876,13,1129622
2025-01-12,Google,30s,Female,16559,603,203696,49,1707700
2025-01-12,Naver,20s,Male,17652,924,129635,8,955565
2025-01-12,Google,30s,Female,5574,557,175445,12,1776652
2025-01-12,Google,20s,Female,5826,310,274899,26,332445
2025-01-12,Facebook,20s,Male,19074,530,134051,46,723574
2025-01-12,Naver,40s,Female,14198,768,115555,25,1988696
2025-01-12,Facebook,50s+,Male,11637,169,51185,1,1667675
2025-01-12,Facebook,40s,Male,14644,108,252739,11,1882679
2025-01-12,Naver,50s+,Male,19694,138,145302,27,1468813
2025-01-12,Naver,20s,Male,12040,442,160025,19,910224
2025-01-12,Naver,30s,Male,12279,991,110966,38,917305
2025-01-12,Naver,40s,Female,8283,816,127600,25,1700199
2025-01-12,Google,40s,Male,16413,461,189574,10,1772775
2025-01-12,Instagram,20s,Male,16508,265,233640,4,844394
2025-01-12,Organic,20s,Male,19712,939,67633,17,1403175
2025-01-12,Google,20s,Male,18704,895,270078,5,289975
2025-01-12,Google,20s,Male,19526,873,84674,24,1964906
2025-01-12,Organic,40s,Female,11087,734,171529,16,444331
2025-01-12,Facebook,50s+,Female,8864,701,127474,46,1662340
2025-01-12,Naver,50s+,Female,18704,595,221406,29,1168456
2025-01-12,Facebook,30s,Female,8435,843,73994,26,1464255
2025-01-12,Facebook,40s,Male,14433,262,217203,36,963814
2025-01-12,Naver,30s,Female,17713,520,258998,13,696750
2025-01-12,Google,30s,Male,14817,433,125303,47,524939
2025-01-12,Instagram,20s,Female,15671,475,274185,10,611267
2025-01-12,Naver,50s+,Female,14788,115,79670,18,1764218
2025-01-12,Instagram,20s,Male,5043,467,230807,25,1115062
2025-01-12,Naver,40s,Male,7154,500,194746,30,351232
2025-01-12,Instagram,30s,Female,9755,678,175159,45,920918
2025-01-12,Instagram,50s+,Female,11203,253,91892,34,1137961
2025-01-12,Google,20s,Female,14143,321,218156,7,1333383
2025-01-12,Google,40s,Male,10039,562,153863,35,1944784
2025-01-12,Naver,50s+,Male,14727,910,58743,18,1954491
2025-01-12,Facebook,50s+,Male,18503,452,90836,14,1183431
2025-01-12,Naver,20s,Male,12347,201,196904,34,1243432
2025-01-13,Facebook,30s,Male,12146,146,269190,15,1416844
2025-01-13,Organic,50s+,Female,15732,651,142957,1,361797
2025-01-13,Google,30s,Male,7371,394,64986,31,1673828
2025-01-13,Naver,20s,Female,11712,569,131122,16,670746
2025-01-13,Facebook,50s+,Female,11677,979,61525,14,198210
2025-01-13,Google,20s,Female,11424,386,299349,41,1679130
2025-01-13,Google,50s+,Female,12069,808,88499,19,1987941
2025-01-13,Instagram,50s+,Female,18496,533,213780,1,1568177
2025-01-13,Google,30s,Male,12713,148,210947,29,1828476
2025-01-13,Organic,50s+,Female,7286,720,140657,25,686004
2025-01-13,Instagram,20s,Male,10705,292,169294,42,1745061
2025-01-13,Naver,40s,Female,9001,541,294037,10,945284
2025-01-13,Google,40s,Female,8438,542,148023,39,1977342
2025-01-13,Instagram,40s,Male,8043,804,286868,18,1281512
2025-01-13,Facebook,50s+,Male,6824,217,88906,37,1399890
2025-01-13,Facebook,40s,Female,19553,648,176836,36,1983928
2025-01-13,Naver,40s,Female,10201,377,171557,47,538603
2025-01-13,Google,50s+,Female,19822,980,99669,17,1913254
2025-01-13,Google,20s,Female,6843,684,291728,46,1848729
2025-01-13,Naver,40s,Female,11118,274,119715,34,101652
2025-01-13,Naver,30s,Male,6589,658,111201,12,751509
2025-01-13,Facebook,20s,Female,18388,204,116109,1,1930112
2025-01-13,Google,50s+,Female,13433,219,123924,10,1875692
2025-01-13,Google,20s,Male,10523,189,159499,37,379817
2025-01-13,Facebook,40s,Female,16977,540,243470,25,339206
2025-01-13,Naver,20s,Male,14427,712,245732,16,242935
2025-01-13,Organic,30s,Male,13521,602,93517,8,118154
2025-01-13,Google,50s+,Female,16256,881,277475,13,1645595
2025-01-13,Instagram,20s,Male,10977,239,93897,5,492800
2025-01-13,Google,30s,Male,14008,773,215874,45,231766
2025-01-14,Naver,50s+,Female,19594,274,53844,2,1461657
2025-01-14,Google,50s+,Female,15842,906,62605,41,1262575
2025-01-14,Naver,30s,Female,17415,664,109181,12,681977
2025-01-14,Instagram,30s,Male,11260,158,213807,27,1096042
2025-01-14,Facebook,40s,Female,15848,132,263687,26,940936
2025-01-14,Facebook,20s,Male,14910,811,190021,25,564353
2025-01-14,Instagram,20s,Male,12632,405,152271,28,314343
2025-01-14,Naver,50s+,Male,12979,887,61627,36,395309
2025-01-14,Facebook,30s,Female,13152,141,64473,28,1351937
2025-01-14,Organic,50s+,Female,10953,393,222452,32,768253
2025-01-14,Facebook,50s+,Male,6915,255,198873,19,927952
2025-01-14,Google,50s+,Female,16600,328,243400,12,921386
2025-01-14,Facebook,20s,Male,6856,685,295591,24,909693
2025-01-14,Facebook,40s,Male,9756,213,219718,35,425007
2025-01-14,Google,40s,Male,15935,255,60165,25,1023301
2025-01-14,Naver,50s+,Male,8289,232,248443,23,1314268
2025-01-14,Instagram,30s,Female,13740,564,150657,26,814172
2025-01-14,Facebook,20s,Female,5193,519,139793,33,840463
2025-01-14,Naver,30s,Female,7883,788,208204,1,655289
2025-01-14,Google,40s,Female,17455,276,118603,2,352218
2025-01-14,Google,50s+,Male,10096,399,203009,13,846215
2025-01-14,Google,20s,Male,5438,543,255269,36,1322166
2025-01-14,Naver,50s+,Male,6505,116,132375,23,317892
2025-01-14,Naver,40s,Female,11515,981,76564,1,801709
2025-01-14,Google,20s,Male,11883,560,53640,15,613574
2025-01-15,Facebook,30s,Female,9782,968,218995,15,597360
2025-01-15,Facebook,50s+,Female,11058,272,124061,33,1184669
2025-01-15,Naver,40s,Female,16333,483,197459,37,887482
2025-01-15,Google,40s,Male,15951,325,95278,36,1004967
2025-01-15,Organic,50s+,Male,14644,803,147554,47,838872
2025-01-15,Facebook,50s+,Male,18936,212,142084,20,1119114
2025-01-15,Facebook,30s,Female,10800,210,180478,42,715606
2025-01-15,Facebook,50s+,Male,15722,309,150034,20,997594
2025-01-15,Google,30s,Male,6563,444,108093,46,868849
2025-01-15,Google,20s,Male,14214,381,268667,25,1896960
2025-01-15,Naver,50s+,Male,19518,348,132701,22,581028
2025-01-15,Organic,30s,Female,12474,452,180495,21,973072
2025-01-15,Facebook,50s+,Male,9562,150,91181,30,872969
2025-01-15,Naver,20s,Male,17133,928,257115,1,516542
2025-01-15,Naver,50s+,Male,9850,677,160543,12,1696550
2025-01-15,Instagram,20s,Male,5145,450,205799,6,1783264
2025-01-15,Google,40s,Female,14277,120,86866,24,1096275
2025-01-15,Google,40s,Male,11527,278,251354,6,1499528
2025-01-15,Naver,40s,Female,19046,668,271372,3,460740
2025-01-15,Naver,50s+,Male,18075,866,126666,45,1310894
2025-01-15,Google,20s,Female,13136,565,193034,36,1722169
2025-01-15,Instagram,20s,Male,15421,904,249369,12,1530995
2025-01-15,Google,20s,Male,17628,259,68431,28,238326
2025-01-15,Naver,50s+,Female,15658,404,57807,21,1029995
2025-01-15,Facebook,50s+,Male,10203,404,186001,12,505709
2025-01-15,Naver,50s+,Male,13247,910,222454,15,626062
2025-01-15,Google,50s+,Male,15374,347,139838,24,970782
2025-01-15,Instagram,40s,Male,10042,330,116096,17,1598578
2025-01-15,Google,20s,Male,18029,697,123679,25,619700
2025-01-15,Instagram,40s,Female,13789,348,189016,42,370968
2025-01-15,Organic,30s,Male,10674,234,259176,38,687793
2025-01-15,Instagram,20s,Female,6980,395,205336,45,1462537
2025-01-15,Facebook,30s,Male,16192,532,155070,39,538947
2025-01-15,Google,20s,Female,12429,369,171765,28,1353811
2025-01-15,Facebook,50s+,Male,6759,624,255987,1,1755729
2025-01-15,Organic,30s,Male,16792,208,203983,20,1289629
2025-01-15,Google,50s+,Male,8589,858,231502,24,1215939
2025-01-16,Google,50s+,Female,19673,415,65689,21,1964485
2025-01-16,Google,50s+,Male,7125,646,100266,1,525234
2025-01-16,Naver,20s,Female,13495,449,276479,13,302378
2025-01-16,Google,20s,Female,11264,193,202381,30,317389
2025-01-16,Facebook,20s,Male,17218,643,184582,42,748721
2025-01-16,Facebook,50s+,Female,6314,318,183722,13,689728
2025-01-16,Google,40s,Male,5618,532,64464,32,1385025
2025-01-16,Google,40s,Female,6266,626,239102,49,1436044
2025-01-16,Google,50s+,Female,10717,718,289031,20,594798
2025-01-16,Facebook,30s,Male,12894,889,182075,31,554887
2025-01-16,Facebook,30s,Male,6416,641,283931,9,1883085
2025-01-16,Google,30s,Male,7334,150,89228,30,452731
2025-01-16,Facebook,40s,Female,5014,301,134328,17,226538
2025-01-16,Naver,30s,Female,11527,751,55960,34,299466
2025-01-16,Facebook,40s,Female,15751,194,231430,13,396772
2025-01-16,Google,20s,Male,13148,421,104774,40,1770415
2025-01-16,Naver,50s+,Male,7615,522,281750,7,1861356
2025-01-16,Facebook,40s,Male,13973,444,275079,42,388020
2025-01-16,Naver,30s,Male,6783,276,273580,15,1983191
2025-01-16,Google,40s,Female,9527,952,142697,1,1607975
2025-01-16,Google,30s,Male,12390,541,95104,12,580578
2025-01-16,Google,40s,Male,19461,449,184136,33,552255
2025-01-16,Instagram,40s,Male,14969,136,299248,27,1731456
2025-01-16,Google,40s,Male,17254,945,104382,32,922486
2025-01-17,Instagram,50s+,Male,8032,370,106645,6,1365871
2025-01-17,Google,20s,Male,16899,163,268642,16,1904623
2025-01-17,Facebook,50s+,Male,17686,652,131826,49,1485773
2025-01-17,Google,30s,Male,8924,589,50785,37,460715
2025-01-17,Google,20s,Male,19954,737,200195,4,1592929
2025-01-17,Facebook,50s+,Male,12470,612,259556,16,429861
2025-01-17,Organic,40s,Male,19409,918,298515,14,1459113
2025-01-17,Google,20s,Female,10001,553,132970,2,783787
2025-01-17,Instagram,50s+,Male,17087,853,250329,22,1676753
2025-01-17,Facebook,30s,Female,10228,428,142730,26,1829760
2025-01-17,Naver,40s,Female,15570,460,282882,11,1967048
2025-01-17,Facebook,20s,Female,5803,261,81163,11,874342
2025-01-17,Naver,50s+,Female,19280,561,232344,36,604678
2025-01-17,Facebook,50s+,Female,9904,355,155012,19,1986282
2025-01-17,Naver,30s,Male,7344,491,147121,16,176886
2025-01-17,Google,20s,Female,5100,510,74101,40,1968406
2025-01-17,Google,50s+,Male,8289,744,208062,32,818545
2025-01-17,Organic,40s,Male,15356,112,177453,3,844452
2025-01-18,Facebook,20s,Male,5946,440,150365,28,1272519
2025-01-18,Facebook,40s,Male,7408,740,226793,22,539537
2025-01-18,Organic,40s,Male,13140,310,155495,26,853183
2025-01-18,Instagram,40s,Male,17707,448,186872,43,1366969
2025-01-18,Google,40s,Female,12376,324,121134,32,974896
2025-01-18,Google,50s+,Male,16979,995,94675,11,1644878
2025-01-18,Google,30s,Male,19928,446,273455,8,1779388
2025-01-18,Google,20s,Male,19237,315,96256,45,1614020
2025-01-18,Google,30s,Female,12834,937,85390,16,1504261
2025-01-18,Naver,20s,Female,18754,206,79746,2,1955624
2025-01-18,Facebook,50s+,Male,11128,601,254683,1,999679
2025-01-18,Naver,40s,Female,17958,655,88541,10,1735358
2025-01-18,Google,40s,Female,7760,480,140681,1,1092794
2025-01-18,Naver,40s,Female,9990,293,185443,20,253378
2025-01-18,Google,20s,Male,14571,831,237796,2,935849
2025-01-18,Google,40s,Male,12079,827,157448,42,867999
2025-01-18,Facebook,50s+,Female,15645,628,73988,4,1593970
2025-01-18,Naver,40s,Male,8494,692,118702,15,439521
2025-01-18,Google,20s,Female,5324,532,98009,47,563924
2025-01-18,Facebook,40s,Female,6857,557,245195,4,163425
2025-01-18,Google,40s,Female,6397,494,63344,25,588226
2025-01-19,Facebook,50s+,Female,8704,794,186200,36,1305763
2025-01-19,Instagram,20s,Female,5232,523,61959,22,1596651
2025-01-19,Facebook,30s,Female,13147,143,246393,28,1280617
2025-01-19,Google,50s+,Female,11200,674,61475,9,1429435
2025-01-19,Instagram,50s+,Male,19651,336,297644,38,1542743
2025-01-19,Instagram,30s,Male,13168,681,271256,10,506854
2025-01-19,Naver,20s,Female,17509,826,81046,10,831279
2025-01-19,Naver,20s,Male,7871,787,287835,20,205541
2025-01-19,Google,30s,Male,8311,256,106355,13,273069
2025-01-19,Instagram,30s,Male,10717,549,261738,32,1329857
2025-01-19,Naver,30s,Female,14572,822,269422,8,1234797
2025-01-19,Google,30s,Female,12507,867,128726,15,1043850
2025-01-19,Google,50s+,Female,18383,943,70793,28,490601
2025-01-19,Google,30s,Female,9224,678,63839,24,1809324
2025-01-19,Naver,30s,Male,16943,263,115339,28,181005
2025-01-19,Instagram,50s+,Female,14026,293,134852,47,1003983
2025-01-19,Facebook,40s,Male,8920,515,112121,26,770239
2025-01-19,Facebook,40s,Male,13173,126,79801,25,1362702
2025-01-19,Facebook,30s,Male,15906,292,57946,49,1638963
2025-01-19,Facebook,40s,Male,12159,254,194116,27,130483
2025-01-19,Facebook,30s,Female,14723,363,270425,12,762168
2025-01-19,Naver,20s,Female,7169,133,141791,26,635719
2025-01-19,Google,20s,Male,6247,168,136415,33,1963782
2025-01-19,Facebook,50s+,Female,12005,346,292874,19,1973050
2025-01-19,Google,40s,Female,5161,196,291773,39,1252152
2025-01-19,Instagram,20s,Male,17511,796,150283,22,409962
2025-01-20,Organic,50s+,Female,8082,354,70136,36,449905
2025-01-20,Facebook,40s,Male,17594,431,186165,42,1962905
2025-01-20,Google,20s,Male,9215,338,156111,25,1119335
2025-01-20,Facebook,30s,Female,9178,917,198740,6,1427934
2025-01-20,Instagram,50s+,Male,7664,319,246939,46,1313343
2025-01-20,Google,40s,Female,19671,235,209089,47,1358021
2025-01-20,Instagram,50s+,Male,13556,305,198817,11,297999
2025-01-20,Google,30s,Male,16732,446,169376,37,1050461
2025-01-20,Google,50s+,Female,6693,669,271661,33,385811
2025-01-20,Google,30s,Female,14278,215,270403,43,1285122
2025-01-20,Google,50s+,Male,16763,474,159177,43,559770
2025-01-20,Google,30s,Male,12835,278,198801,8,1948736
2025-01-20,Google,20s,Male,7352,378,108031,6,1982106
2025-01-20,Google,30s,Female,6537,443,243856,49,973145
2025-01-20,Google,30s,Male,6798,281,129309,16,845512
2025-01-20,Instagram,30s,Male,12628,435,201994,14,1799160
2025-01-20,Naver,30s,Female,5497,128,275834,4,1394022
2025-01-20,Naver,40s,Male,6019,601,186313,19,1359836
2025-01-20,Facebook,50s+,Female,9519,402,98492,26,1952955
2025-01-20,Facebook,20s,Male,8995,870,138758,2,878776
2025-01-20,Naver,20s,Male,10201,773,56615,1,1417616
2025-01-20,Facebook,50s+,Female,16571,887,149452,12,1607123
2025-01-20,Google,40s,Female,7251,665,79966,40,1939361
2025-01-20,Facebook,30s,Male,12018,247,100525,35,1168334
2025-01-20,Google,30s,Female,7991,597,259071,29,1073344
2025-01-20,Google,40s,Female,5921,592,194579,23,1104975
2025-01-20,Facebook,20s,Male,18946,949,201830,43,216928
2025-01-20,Facebook,30s,Male,7519,751,160342,38,442959
2025-01-20,Google,40s,Female,7335,628,284447,19,1901927
2025-01-20,Naver,40s,Male,6116,105,179730,20,1840725
2025-01-20,Google,20s,Male,13902,160,122612,26,946575
2025-01-20,Facebook,20s,Male,19560,790,151391,12,1542524
2025-01-20,Instagram,40s,Female,12154,335,263499,29,1953221
2025-01-20,Facebook,50s+,Female,9898,877,223732,16,954424
2025-01-20,Organic,20s,Male,15890,373,261800,9,1145882
2025-01-20,Naver,30s,Male,17209,238,180904,28,973973
2025-01-20,Organic,30s,Female,8082,348,146138,19,1343916
2025-01-21,Google,20s,Female,16430,636,257075,18,705586
2025-01-21,Google,30s,Female,16004,819,202649,29,379817
2025-01-21,Facebook,30s,Male,8475,421,57267,16,332196
2025-01-21,Google,20s,Female,12853,106,257709,21,1903007
2025-01-21,Google,30s,Male,15911,582,259564,42,1743555
2025-01-21,Facebook,20s,Female,6670,181,225859,35,1648357
2025-01-21,Facebook,40s,Male,13464,721,66040,33,932933
2025-01-21,Instagram,30s,Male,13387,925,284511,13,658524
2025-01-21,Naver,30s,Male,8551,790,98813,6,327345
2025-01-21,Instagram,20s,Male,15804,214,282804,34,887989
2025-01-21,Facebook,50s+,Female,10997,658,245640,48,1467915
2025-01-21,Naver,20s,Male,15161,442,167095,44,752295
2025-01-21,Facebook,30s,Male,12581,717,64788,13,796740
2025-01-21,Naver,30s,Male,15767,133,72127,26,720776
2025-01-21,Google,50s+,Female,18036,952,184949,19,175964
2025-01-21,Google,30s,Male,12793,828,279751,5,1964891
2025-01-21,Facebook,50s+,Male,19072,962,67587,22,1174005
2025-01-21,Naver,20s,Female,13065,437,172260,42,1286830
2025-01-21,Organic,50s+,Male,17933,270,222570,32,633805
2025-01-21,Organic,50s+,Female,11898,594,235679,46,1884295
2025-01-21,Facebook,50s+,Male,19128,954,89423,28,1643870
2025-01-21,Facebook,40s,Male,6693,669,108070,20,1113911
2025-01-21,Naver,30s,Male,11314,299,139587,47,1243641
2025-01-21,Naver,50s+,Male,5544,379,168357,45,1114901
2025-01-21,Facebook,30s,Female,10693,866,58422,18,237442
2025-01-21,Google,50s+,Female,14568,982,57077,28,378534
2025-01-21,Instagram,30s,Male,15533,373,92398,36,622850
2025-01-21,Facebook,30s,Male,12241,291,297047,3,1073601
2025-01-22,Google,30s,Male,7064,706,60543,18,1544260
2025-01-22,Google,40s,Male,19605,224,233714,3,165572
2025-01-22,Naver,50s+,Male,8711,871,264428,10,1720978
2025-01-22,Facebook,20s,Male,13997,463,222758,9,1735193
2025-01-22,Organic,30s,Female,7756,390,252094,20,274282
2025-01-22,Facebook,40s,Female,12926,105,182410,21,1717543
2025-01-22,Facebook,20s,Female,14999,225,119904,24,1116266
2025-01-22,Facebook,30s,Female,17659,241,101496,48,409300
2025-01-22,Google,50s+,Female,15881,774,268615,9,1181419
2025-01-22,Google,30s,Female,15908,997,52848,2,1156472
2025-01-22,Google,30s,Female,7007,676,123890,29,1760816
2025-01-22,Google,20s,Female,6593,659,131252,24,1657646
2025-01-22,Google,30s,Female,13587,654,179597,5,1420230
2025-01-22,Google,50s+,Male,18156,125,250852,25,675731
2025-01-22,Google,20s,Female,9001,412,221629,2,584662
2025-01-22,Facebook,20s,Female,10520,335,263634,45,226739
2025-01-22,Instagram,20s,Male,5227,335,157980,39,1300835
2025-01-22,Organic,20s,Male,16258,824,207970,8,311374
2025-01-22,Naver,20s,Female,19058,743,196797,29,940346
2025-01-22,Instagram,50s+,Female,17942,313,188658,38,1779837
2025-01-22,Naver,20s,Male,11478,525,248864,5,751066
2025-01-22,Naver,50s+,Male,12610,787,139132,40,781352
2025-01-22,Naver,20s,Male,17094,990,80433,20,322783
2025-01-22,Facebook,20s,Male,9340,646,52677,41,1208475
2025-01-22,Facebook,30s,Male,18560,618,98095,41,665785
2025-01-22,Google,20s,Male,6332,112,183458,22,1161633
2025-01-22,Google,20s,Male,6717,671,67639,46,1220645
2025-01-22,Facebook,30s,Male,15845,447,270962,14,711636
2025-01-22,Naver,20s,Male,10355,220,205569,44,841884
2025-01-22,Google,30s,Male,13067,328,215663,19,1499154
2025-01-22,Naver,40s,Female,15825,758,94338,15,487724
2025-01-22,Instagram,20s,Male,18119,213,193121,11,680756
2025-01-22,Google,50s+,Male,15673,792,234091,31,120935
2025-01-22,Naver,20s,Male,17222,263,228233,43,109503
2025-01-22,Google,30s,Male,18948,361,271207,6,383822
2025-01-22,Facebook,30s,Male,5714,571,135216,6,1800636
2025-01-22,Google,40s,Female,14909,945,116531,22,1608340
2025-01-22,Facebook,40s,Male,6409,189,53670,9,287510
2025-01-22,Naver,30s,Female,18392,391,130778,25,579235
2025-01-22,Facebook,30s,Female,5767,456,267764,24,1526926
2025-01-23,Google,40s,Male,15078,182,125711,21,386719
2025-01-23,Instagram,40s,Male,15364,804,59582,40,1494480
2025-01-23,Naver,50s+,Male,12833,631,292811,19,667410
2025-01-23,Google,40s,Female,9087,284,205854,38,288662
2025-01-23,Instagram,40s,Female,13763,470,290590,4,750008
2025-01-23,Naver,20s,Male,10999,377,180218,41,1199106
2025-01-23,Facebook,40s,Female,10385,168,135901,33,556331
2025-01-23,Naver,40s,Male,19950,643,275863,22,780032
2025-01-23,Instagram,50s+,Male,13933,287,86635,34,1953791
2025-01-23,Facebook,40s,Female,14176,347,96259,16,278697
2025-01-23,Facebook,50s+,Male,6029,602,174462,3,829900
2025-01-23,Google,30s,Female,7863,120,136290,5,1638260
2025-01-23,Instagram,30s,Male,9151,425,274700,35,510552
2025-01-23,Instagram,20s,Female,11599,955,185533,39,1625372
2025-01-23,Facebook,20s,Female,19698,431,161470,20,1033031
2025-01-23,Instagram,20s,Female,9994,465,94733,22,151835
2025-01-23,Naver,40s,Female,10971,232,57195,5,122481
2025-01-23,Google,20s,Female,5130,403,81385,47,1792059
2025-01-23,Instagram,30s,Female,10221,956,92607,17,1436742
2025-01-23,Facebook,50s+,Male,7620,536,297417,30,1059948
2025-01-23,Organic,50s+,Male,5611,315,103709,29,814413
2025-01-23,Facebook,50s+,Male,9895,141,160210,28,1052846
2025-01-24,Google,40s,Male,6530,653,170652,37,967533
2025-01-24,Facebook,30s,Female,14393,170,84282,9,609677
2025-01-24,Facebook,30s,Female,7099,330,207103,34,1011889
2025-01-24,Instagram,50s+,Male,7385,324,130070,6,949985
2025-01-24,Facebook,40s,Male,13014,501,107370,42,514594
2025-01-24,Facebook,40s,Female,16234,118,220072,8,892299
2025-01-24,Facebook,20s,Male,15554,186,151215,30,738409
2025-01-24,Organic,30s,Male,8496,666,238540,4,506415
2025-01-24,Instagram,30s,Male,13864,759,114775,24,1145205
2025-01-24,Naver,20s,Male,7335,236,165043,15,1639516
2025-01-24,Google,30s,Female,16859,970,199277,44,1020812
2025-01-24,Facebook,50s+,Female,13668,359,186837,44,1553646
2025-01-24,Naver,40s,Male,7460,746,290082,1,1189363
2025-01-24,Naver,50s+,Female,9168,337,275788,37,1930836
2025-01-24,Facebook,20s,Male,16668,434,274706,22,1599034
2025-01-24,Facebook,30s,Male,16074,266,144875,49,1804962
2025-01-24,Organic,40s,Male,11389,966,174881,48,1373870
2025-01-24,Facebook,30s,Female,18930,635,118934,46,1759727
2025-01-24,Naver,20s,Female,11098,438,169530,15,568014
2025-01-24,Instagram,40s,Female,16667,505,199017,9,1448438
2025-01-24,Facebook,20s,Male,7067,706,271936,36,1973536
2025-01-24,Naver,30s,Male,10738,987,222518,25,1278942
2025-01-24,Facebook,40s,Female,7251,725,70388,47,1403426
2025-01-24,Google,20s,Male,18841,530,130972,30,1212538
2025-01-24,Facebook,20s,Male,10014,259,206876,4,1437603
2025-01-24,Facebook,50s+,Female,5808,484,166250,15,906941
2025-01-25,Naver,50s+,Male,16316,300,292499,1,1446996
2025-01-25,Google,50s+,Female,16998,568,142325,42,1151354
2025-01-25,Instagram,20s,Female,11144,221,185311,27,1009728
2025-01-25,Facebook,20s,Male,19817,903,292274,25,1890266
2025-01-25,Facebook,50s+,Male,10210,732,101546,8,313445
2025-01-25,Organic,20s,Female,10677,177,218841,28,875405
2025-01-25,Instagram,40s,Male,7563,756,180088,41,1023800
2025-01-25,Google,50s+,Male,10626,766,135155,40,143004
2025-01-25,Facebook,40s,Male,14551,632,187846,5,1251768
2025-01-25,Facebook,20s,Female,8207,820,175002,49,1032847
2025-01-25,Facebook,30s,Female,12582,495,78889,47,817745
2025-01-25,Facebook,40s,Male,12982,573,219805,35,1629053
2025-01-25,Facebook,30s,Male,11527,881,146178,38,562387
2025-01-26,Google,50s+,Female,10032,236,282832,47,1833409
2025-01-26,Facebook,30s,Male,19107,936,226799,28,984347
2025-01-26,Facebook,30s,Female,8154,815,129165,11,835248
2025-01-26,Instagram,50s+,Male,14263,318,61536,18,584928
2025-01-26,Facebook,30s,Male,17055,995,85529,30,1746680
2025-01-26,Naver,30s,Female,12596,868,170636,26,1331339
2025-01-26,Naver,30s,Male,5589,488,259876,3,164014
2025-01-26,Google,40s,Female,5814,349,197811,44,343279
2025-01-26,Facebook,20s,Male,10941,473,211389,17,354349
2025-01-26,Facebook,30s,Female,8891,409,291338,32,613141
2025-01-26,Facebook,20s,Female,18828,991,277927,42,1309261
2025-01-26,Google,50s+,Male,5072,507,142787,25,1022116
2025-01-26,Naver,40s,Male,15120,416,113582,25,333797
2025-01-26,Facebook,30s,Male,15647,827,159242,46,1305610
2025-01-26,Naver,50s+,Male,19421,148,96912,29,1115058
2025-01-26,Google,30s,Female,17969,380,263739,14,836464
2025-01-26,Google,20s,Female,11651,325,198598,7,647594
2025-01-26,Facebook,50s+,Male,7437,671,159702,47,1110348
2025-01-26,Naver,40s,Male,10447,939,283755,15,1065307
2025-01-26,Facebook,30s,Male,7375,239,240206,7,1981928
2025-01-26,Google,20s,Male,17145,619,169559,31,500165
2025-01-27,Google,20s,Female,7115,676,255702,27,664413
2025-01-27,Facebook,20s,Female,12728,129,286001,12,1392551
2025-01-27,Facebook,20s,Female,18212,404,246377,28,1439961
2025-01-27,Naver,50s+,Male,6374,480,65054,23,1153187
2025-01-27,Google,20s,Female,9445,318,136182,15,1042849
2025-01-27,Google,50s+,Male,16041,288,128415,15,765352
2025-01-27,Facebook,20s,Male,14263,721,281433,22,1873420
2025-01-27,Google,20s,Female,12401,702,271199,26,1280265
2025-01-27,Facebook,40s,Male,7275,186,80327,37,924993
2025-01-27,Google,40s,Male,9080,511,203225,19,1542396
2025-01-27,Organic,20s,Male,18699,425,52480,25,1023315
2025-01-27,Google,20s,Male,7775,141,243119,28,1504040
2025-01-27,Google,50s+,Male,16244,676,195555,49,1599618
2025-01-27,Google,50s+,Male,19517,693,145773,35,598895
2025-01-27,Google,40s,Male,5309,133,54564,26,1248941
2025-01-27,Naver,30s,Male,10592,590,58700,19,167701
2025-01-27,Organic,40s,Female,12592,687,148837,46,696956
2025-01-27,Naver,20s,Female,15216,681,140151,9,1032072
2025-01-27,Naver,30s,Male,13875,258,119246,40,966032
2025-01-27,Naver,50s+,Female,13793,855,121153,27,1866231
2025-01-27,Google,30s,Male,7171,401,195316,31,1380186
2025-01-27,Facebook,30s,Female,18904,510,150577,34,1259315
2025-01-27,Naver,40s,Female,7511,162,264667,4,299407
2025-01-27,Naver,20s,Male,17104,929,149382,15,1241163
2025-01-27,Organic,20s,Female,18289,786,255829,1,1311918
2025-01-27,Facebook,40s,Male,16344,840,64159,14,524239
2025-01-27,Facebook,20s,Male,14064,415,73688,48,239108
2025-01-28,Naver,50s+,Female,15558,599,203978,42,1499424
2025-01-28,Instagram,30s,Male,18005,952,140212,23,1448110
2025-01-28,Instagram,30s,Female,8055,376,243701,40,1111793
2025-01-28,Facebook,50s+,Male,16823,756,173189,9,139648
2025-01-28,Google,20s,Female,6001,600,88722,31,1398175
2025-01-28,Facebook,50s+,Male,18116,478,143200,18,991737
2025-01-28,Facebook,30s,Female,12565,796,83676,10,1448641
2025-01-28,Google,20s,Male,19246,462,64239,39,1064043
2025-01-28,Organic,20s,Male,13631,273,279058,48,207114
2025-01-28,Facebook,40s,Female,15504,296,216833,7,828053
2025-01-28,Google,20s,Female,15756,126,161566,25,1682867
2025-01-28,Organic,50s+,Female,8106,555,89647,24,1883856
2025-01-28,Naver,50s+,Female,12756,193,72164,38,917056
2025-01-28,Naver,40s,Male,10817,471,252095,30,393898
2025-01-28,Google,40s,Male,7162,310,135443,38,1824880
2025-01-28,Facebook,20s,Female,14863,494,87229,23,132268
2025-01-28,Instagram,30s,Male,18700,824,267753,32,1280421
2025-01-28,Naver,50s+,Female,14453,412,61485,26,1326909
2025-01-28,Organic,40s,Male,12369,414,131368,39,1690494
2025-01-29,Facebook,20s,Male,19752,750,68197,32,532235
2025-01-29,Facebook,20s,Female,12775,954,52449,20,323643
2025-01-29,Naver,20s,Female,12985,318,62360,24,1850571
2025-01-29,Naver,50s+,Male,19979,918,133411,37,244671
2025-01-29,Instagram,40s,Male,18669,966,240500,6,1202994
2025-01-29,Facebook,30s,Female,5261,176,270722,14,258590
2025-01-29,Organic,40s,Female,10413,777,257741,3,894705
2025-01-29,Naver,20s,Male,8708,609,63199,8,1277205
2025-01-29,Naver,50s+,Female,14191,725,178090,32,829428
2025-01-29,Naver,30s,Female,17589,613,225787,48,919945
2025-01-29,Organic,50s+,Female,5773,577,244978,13,1377804
2025-01-29,Facebook,50s+,Male,18682,845,93739,21,999532
2025-01-29,Google,40s,Male,19272,832,165480,26,1718486
2025-01-29,Google,50s+,Female,9056,581,104749,3,1237914
2025-01-29,Instagram,40s,Male,19630,635,290700,1,1843667
2025-01-29,Google,20s,Male,7882,788,104107,12,180934
2025-01-29,Facebook,20s,Male,8338,743,110824,35,587671
2025-01-29,Naver,20s,Female,10587,839,232405,20,1604034
2025-01-29,Google,30s,Male,12983,444,255316,44,485351
2025-01-29,Instagram,40s,Male,7109,281,175185,1,1356753
2025-01-29,Google,30s,Female,18257,762,213250,8,1018018
2025-01-29,Google,50s+,Male,12414,613,85676,12,417200
2025-01-29,Facebook,50s+,Female,13358,584,291248,44,1708504
2025-01-29,Instagram,20s,Male,17564,724,274341,2,1556697
2025-01-29,Organic,30s,Female,12699,193,63334,13,631253
2025-01-29,Facebook,30s,Male,13033,509,169495,43,1754328
2025-01-29,Naver,20s,Male,14607,684,165222,6,1079904
2025-01-29,Instagram,20s,Female,14109,868,74508,38,1610533
2025-01-29,Facebook,50s+,Female,12595,745,226740,30,1992410
2025-01-29,Organic,50s+,Female,6948,281,73480,8,1629583
2025-01-29,Google,30s,Male,6527,190,161939,31,673900
2025-01-29,Facebook,50s+,Male,12248,593,220040,30,1666060
2025-01-30,Naver,40s,Male,14585,495,257055,26,1988403
2025-01-30,Facebook,50s+,Male,8547,854,265337,38,989445
2025-01-30,Organic,40s,Male,11425,931,298982,30,683067
2025-01-30,Facebook,30s,Male,8249,246,217643,47,1662953
2025-01-30,Naver,20s,Female,6457,227,258041,1,1885077
2025-01-30,Naver,40s,Male,13637,908,228574,45,1589856
2025-01-30,Google,40s,Female,18841,544,101856,47,1401503
2025-01-30,Facebook,30s,Male,12874,352,165021,15,1872797
2025-01-30,Google,50s+,Female,5907,465,70107,35,562202
2025-01-30,Google,20s,Female,7650,765,159890,22,1499853
2025-01-30,Google,30s,Male,12878,152,285018,2,147299
2025-01-30,Instagram,30s,Female,8928,632,172372,13,1200907
2025-01-30,Google,20s,Male,6769,676,110211,17,192317
2025-01-30,Facebook,40s,Male,15682,584,112279,45,1161696
2025-01-30,Instagram,50s+,Male,16611,267,197550,42,1694394
2025-01-30,Google,40s,Male,13830,725,52309,43,1282990
2025-01-30,Organic,50s+,Female,7703,770,228891,22,598670
2025-01-30,Google,50s+,Male,14269,337,85284,18,446530
2025-01-30,Instagram,40s,Female,17040,235,179585,1,146467
2025-01-30,Naver,30s,Male,11694,399,212105,3,831352
2025-01-30,Facebook,20s,Female,19687,712,52626,28,1270407
2025-01-30,Instagram,20s,Male,19609,984,235955,37,224879
2025-01-30,Google,40s,Male,7040,557,164530,18,1727458
2025-01-30,Google,50s+,Female,13937,331,174479,35,691992
2025-01-30,Organic,20s,Female,9384,906,185252,30,1592641
2025-01-30,Facebook,50s+,Female,10280,907,116654,33,1453295
2025-01-30,Facebook,40s,Male,5457,545,185639,43,1401110
2025-01-30,Instagram,20s,Female,15650,789,186588,49,1312171
2025-01-30,Naver,50s+,Male,12816,798,289643,25,700937
2025-01-30,Google,40s,Female,12394,707,57864,32,1780629
2025-01-30,Google,30s,Female,14444,146,154643,29,1843599
2025-01-30,Facebook,30s,Female,13950,140,112085,12,476706
2025-01-30,Google,50s+,Female,10841,479,65038,6,1224023
2025-01-30,Google,50s+,Female,14775,931,82191,30,535238
2025-01-31,Google,20s,Male,16805,523,184774,29,1498153
2025-01-31,Google,50s+,Female,10154,542,57582,28,1300186
2025-01-31,Organic,40s,Male,16493,612,62108,20,1721296
2025-01-31,Organic,40s,Male,11093,321,149768,18,430235
2025-01-31,Facebook,20s,Male,13808,610,150555,44,1273810
2025-01-31,Instagram,50s+,Female,5889,588,142458,48,982958
2025-01-31,Google,50s+,Female,17476,333,298059,42,333134
2025-01-31,Google,50s+,Female,7968,383,269945,19,740902
2025-01-31,Facebook,30s,Female,19621,347,264639,47,1494459
2025-01-31,Facebook,40s,Male,13484,541,102814,20,325205
2025-01-31,Google,20s,Male,7310,186,64136,33,944785
2025-01-31,Naver,30s,Male,16689,670,297488,17,737650
2025-01-31,Naver,20s,Male,17001,406,170835,35,565799
2025-01-31,Naver,40s,Female,14542,442,55325,24,1286976
2025-01-31,Naver,30s,Male,6991,699,158720,8,1764045
2025-01-31,Naver,40s,Female,5603,560,287513,44,489915
2025-01-31,Naver,30s,Male,5016,501,203605,9,1450453
2025-01-31,Organic,30s,Female,14622,627,201289,26,148413
2025-01-31,Instagram,20s,Male,5463,546,280898,49,626086
2025-01-31,Google,50s+,Male,5549,554,267563,49,1185846
2025-01-31,Facebook,50s+,Female,8391,839,61370,44,158426
2025-01-31,Google,50s+,Male,6503,550,97587,36,269859
2025-01-31,Organic,30s,Female,11700,463,58308,29,1488848
2025-01-31,Facebook,40s,Female,15097,381,184965,49,587903
2025-02-01,Google,40s,Female,11579,772,91455,30,1788170
2025-02-01,Facebook,20s,Male,6109,470,208791,1,1832011
2025-02-01,Facebook,40s,Male,7849,430,138657,42,351697
2025-02-01,Google,50s+,Male,15377,693,193585,30,163527
2025-02-01,Facebook,30s,Male,15488,236,248213,24,710706
2025-02-01,Google,40s,Male,17425,997,260897,2,1341923
2025-02-01,Google,50s+,Female,12623,997,208916,19,520204
2025-02-01,Organic,20s,Male,16305,917,181564,43,686995
2025-02-01,Google,40s,Male,19835,570,262612,49,1062156
2025-02-01,Google,40s,Male,7506,178,235592,21,987843
2025-02-01,Organic,50s+,Female,10682,417,147445,25,1250728
2025-02-01,Google,50s+,Female,9989,641,203337,25,414311
2025-02-01,Instagram,30s,Female,13547,472,115465,47,663452
2025-02-01,Facebook,40s,Male,18089,850,182756,16,1968231
2025-02-01,Facebook,30s,Female,19464,815,293349,49,1552728
2025-02-01,Organic,20s,Male,7738,773,148848,23,1278116
2025-02-01,Instagram,20s,Female,13712,746,265451,11,324380
2025-02-01,Instagram,40s,Male,10119,236,50750,25,679606
2025-02-01,Google,30s,Male,8747,851,196723,6,1277873
2025-02-01,Naver,30s,Female,11594,551,297246,33,1547298
2025-02-01,Naver,20s,Female,15162,517,280154,33,1235872
2025-02-01,Facebook,50s+,Female,5161,516,260741,5,1067520
2025-02-01,Instagram,50s+,Female,9768,203,75004,40,482372
2025-02-01,Facebook,30s,Female,8280,828,165069,35,693428
2025-02-02,Google,40s,Female,6790,434,261668,49,988728
2025-02-02,Facebook,20s,Female,6398,639,172400,36,345769
2025-02-02,Google,40s,Female,12480,463,211761,16,1298104
2025-02-02,Facebook,50s+,Female,15949,574,265728,6,1053776
2025-02-02,Organic,50s+,Female,9059,905,159030,36,288114
2025-02-02,Google,50s+,Female,15485,156,196289,31,1302055
2025-02-02,Naver,20s,Female,18655,437,70455,38,1430611
2025-02-02,Google,50s+,Female,15239,131,288751,26,341424
2025-02-02,Facebook,40s,Female,6670,557,104668,49,963127
2025-02-02,Google,50s+,Male,14432,268,295465,12,1899218
2025-02-02,Google,30s,Female,7209,675,119099,12,1691494
2025-02-02,Facebook,30s,Female,15790,755,192011,46,194951
2025-02-02,Organic,40s,Female,14923,250,213413,47,1746914
2025-02-02,Instagram,40s,Male,13589,138,120352,27,1044862
2025-02-02,Facebook,20s,Male,17483,212,116152,23,1425062
2025-02-02,Facebook,30s,Male,7757,775,296117,23,1445726
2025-02-02,Naver,40s,Male,15858,530,176511,34,1630678
2025-02-02,Google,30s,Female,6808,148,107063,14,1911945
2025-02-02,Naver,50s+,Male,6738,673,88912,10,181792
2025-02-02,Facebook,30s,Male,6466,387,80499,16,1073525
2025-02-02,Instagram,20s,Male,9821,954,76785,38,833650
2025-02-02,Facebook,20s,Male,7497,170,124718,34,612869
2025-02-02,Facebook,40s,Female,15783,393,119633,32,1280432
2025-02-03,Organic,50s+,Male,16765,381,188841,32,1941606
2025-02-03,Organic,50s+,Female,13414,685,208007,27,1316496
2025-02-03,Facebook,40s,Female,16101,266,271244,23,1266935
2025-02-03,Organic,30s,Male,11865,571,204757,11,1678499
2025-02-03,Instagram,30s,Female,6133,327,206071,45,108068
2025-02-03,Facebook,30s,Male,13419,706,208096,39,1209994
2025-02-03,Facebook,20s,Male,7694,393,266378,10,559394
2025-02-03,Naver,20s,Male,9845,701,246663,26,1003349
2025-02-03,Google,40s,Female,8048,804,174026,3,1104712
2025-02-03,Instagram,20s,Female,18648,129,216871,25,824467
2025-02-03,Google,20s,Female,17453,426,152234,9,591504
2025-02-03,Instagram,50s+,Male,12360,194,179588,20,341063
2025-02-03,Google,20s,Male,9979,654,105482,37,338600
2025-02-03,Google,20s,Female,12549,773,283318,26,1350490
2025-02-03,Naver,20s,Female,11645,505,50266,49,1409064
2025-02-03,Instagram,50s+,Female,17423,238,103805,34,863544
2025-02-03,Organic,30s,Female,5391,539,75530,14,1042744
2025-02-03,Facebook,30s,Male,5673,356,154288,15,380264
2025-02-03,Naver,40s,Female,9263,470,140157,14,1728605
2025-02-03,Organic,50s+,Male,17774,701,82488,13,1092279
2025-02-03,Instagram,50s+,Male,7256,190,232655,3,1872267
2025-02-03,Facebook,30s,Female,7103,210,196984,9,397989
2025-02-03,Naver,40s,Male,10034,900,265277,3,870357
2025-02-03,Naver,40s,Female,14941,419,266207,11,1092405
2025-02-03,Facebook,40s,Male,17053,959,231937,25,1783621
2025-02-03,Google,30s,Male,13056,149,181444,10,1343325
2025-02-03,Naver,20s,Female,14821,463,236791,1,1909710
2025-02-03,Facebook,40s,Female,12533,609,126079,23,617202
2025-02-03,Google,20s,Female,6603,660,233344,26,1097665
2025-02-03,Organic,30s,Female,7596,594,102746,19,855655
2025-02-03,Naver,40s,Male,11891,918,153279,40,586848
2025-02-03,Facebook,30s,Female,16784,111,210611,22,237802
2025-02-03,Facebook,50s+,Female,5822,582,239152,39,428027
2025-02-04,Naver,50s+,Male,9585,602,149270,43,1479736
2025-02-04,Google,50s+,Female,19976,615,167426,7,686709
2025-02-04,Facebook,30s,Male,19738,582,124753,38,1739222
2025-02-04,Facebook,40s,Female,14840,902,110125,38,1010633
2025-02-04,Instagram,50s+,Male,17069,161,122960,6,1525718
2025-02-04,Facebook,20s,Male,7872,611,160103,27,1905764
2025-02-04,Google,50s+,Male,17615,568,110073,12,782487
2025-02-04,Facebook,20s,Male,19299,689,115042,10,1322612
2025-02-04,Google,40s,Male,12601,229,190370,45,1265838
2025-02-04,Facebook,20s,Female,18441,604,234400,13,1637916
2025-02-04,Facebook,30s,Female,16652,405,61848,8,929775
2025-02-04,Organic,30s,Female,12204,657,244256,7,1057367
2025-02-04,Naver,30s,Female,9341,432,106539,31,271101
2025-02-04,Organic,20s,Male,15171,856,242767,48,526690
2025-02-04,Instagram,20s,Female,10958,684,165840,25,1847477
2025-02-04,Organic,20s,Female,13377,971,55950,6,1116081
2025-02-04,Google,20s,Male,18562,211,57699,12,439674
2025-02-04,Organic,50s+,Female,11005,925,75861,6,866994
2025-02-04,Naver,30s,Male,14308,808,190738,12,1499673
2025-02-04,Instagram,40s,Female,15698,424,229908,28,1196663
2025-02-04,Facebook,20s,Female,17371,932,168923,11,627336
2025-02-04,Naver,40s,Male,10479,561,199117,41,407554
2025-02-04,Google,50s+,Male,11674,634,178669,3,801859
2025-02-05,Facebook,50s+,Female,15496,360,296848,40,1606850
2025-02-05,Instagram,50s+,Female,11644,150,193293,15,1086631
2025-02-05,Organic,20s,Female,18519,218,272377,38,1867924
2025-02-05,Facebook,40s,Male,19866,652,102462,42,247316
2025-02-05,Facebook,50s+,Male,8258,825,133667,39,940891
2025-02-05,Organic,40s,Female,10431,550,291755,27,1410903
2025-02-05,Instagram,40s,Female,13859,119,150704,23,1432254
2025-02-05,Organic,40s,Female,16952,544,130557,9,1165739
2025-02-05,Organic,50s+,Female,18202,204,273606,12,1934642
2025-02-05,Google,30s,Female,17254,429,61002,26,1591462
2025-02-05,Naver,20s,Female,7105,330,224114,29,1026093
2025-02-05,Instagram,30s,Male,8247,705,184888,6,1518832
2025-02-05,Organic,20s,Female,15302,450,280052,3,1660137
2025-02-05,Naver,40s,Male,6545,654,85460,13,370087
2025-02-05,Naver,40s,Female,15592,641,129498,33,1393072
2025-02-05,Facebook,20s,Male,18118,203,110466,7,1187165
2025-02-05,Facebook,30s,Female,5836,399,90997,26,707610
2025-02-05,Naver,30s,Male,16520,194,127680,21,1914377
2025-02-05,Google,50s+,Male,13205,138,131949,27,686704
2025-02-05,Facebook,20s,Female,10255,859,50683,3,642279
2025-02-05,Facebook,50s+,Female,7188,313,94565,12,855186
2025-02-05,Organic,20s,Female,5214,311,181570,23,1921944
2025-02-05,Facebook,50s+,Female,12943,278,247034,45,368531
2025-02-05,Instagram,40s,Female,6777,176,71840,35,1296472
2025-02-06,Google,40s,Female,15141,515,160449,23,1800756
2025-02-06,Facebook,20s,Female,10956,860,276515,9,1386676
2025-02-06,Facebook,20s,Female,18104,359,107689,18,567117
2025-02-06,Facebook,50s+,Male,17046,261,225204,30,748531
2025-02-06,Facebook,20s,Female,15993,703,231423,44,667414
2025-02-06,Google,30s,Male,11883,632,121838,8,330676
2025-02-06,Naver,30s,Male,15962,355,116334,27,1469770
2025-02-06,Google,30s,Female,12908,157,254662,6,189270
2025-02-06,Organic,30s,Female,11869,924,129639,23,1975871
2025-02-06,Facebook,20s,Male,15594,467,215452,29,788320
2025-02-06,Google,20s,Male,8255,175,245445,35,1936288
2025-02-06,Facebook,40s,Male,11141,778,81308,20,551391
2025-02-06,Instagram,50s+,Male,12843,261,169532,30,1415379
2025-02-06,Google,50s+,Female,16131,905,169161,25,207965
2025-02-06,Google,20s,Female,13588,606,148169,25,1893111
2025-02-06,Naver,50s+,Female,5491,549,94991,33,1184766
2025-02-06,Google,20s,Male,14937,964,156068,27,943186
2025-02-06,Google,40s,Male,18001,593,133410,24,659216
2025-02-06,Organic,50s+,Female,9365,391,120339,2,1543813
2025-02-06,Organic,20s,Male,18324,817,64557,5,1195026
2025-02-06,Facebook,20s,Female,17885,969,174392,35,1765524
2025-02-06,Google,20s,Female,16353,689,194973,21,1626956
2025-02-06,Naver,40s,Male,19594,140,169817,28,519519
2025-02-06,Naver,20s,Female,10431,625,265914,1,1431745
2025-02-06,Facebook,50s+,Male,9291,155,78245,25,1031794
2025-02-06,Facebook,20s,Female,6412,454,92278,14,1427543
2025-02-06,Instagram,50s+,Female,17945,713,188505,28,1192308
2025-02-06,Facebook,20s,Male,6925,692,177529,13,1007593
2025-02-06,Instagram,30s,Female,8048,324,68146,22,946367
2025-02-06,Facebook,30s,Male,8546,298,239400,15,1182046
2025-02-07,Organic,30s,Male,19627,832,253122,25,1067802
2025-02-07,Google,50s+,Male,12671,724,195915,14,1377974
2025-02-07,Naver,20s,Male,17165,612,223269,6,749554
2025-02-07,Facebook,20s,Male,13755,586,212264,24,225088
2025-02-07,Google,30s,Male,10924,337,123076,20,1824154
2025-02-07,Google,50s+,Male,18260,617,123221,24,1856717
2025-02-07,Facebook,20s,Male,6398,203,297527,25,511717
2025-02-07,Google,20s,Male,6667,567,167753,28,735320
2025-02-07,Instagram,20s,Male,8337,177,120495,22,854664
2025-02-07,Facebook,40s,Female,11900,361,193100,10,1212217
2025-02-07,Facebook,20s,Male,16645,917,65626,41,1213049
2025-02-07,Facebook,20s,Female,13291,738,179596,30,1665985
2025-02-07,Facebook,50s+,Male,15797,156,114047,31,1724537
2025-02-07,Google,40s,Female,18707,916,149031,28,1810724
2025-02-07,Instagram,30s,Female,9678,601,266167,19,557529
2025-02-07,Facebook,40s,Female,15266,503,190762,16,719472
2025-02-07,Google,30s,Female,6925,692,106794,24,845947
2025-02-07,Facebook,20s,Male,11318,100,243584,14,1767573
2025-02-07,Facebook,40s,Male,17818,799,227938,8,1625972
2025-02-07,Instagram,20s,Female,16274,980,162514,39,1317662
2025-02-07,Facebook,30s,Female,8966,896,221990,36,693379
2025-02-07,Naver,30s,Female,19435,951,153079,25,1433550
2025-02-07,Organic,20s,Male,13393,303,262109,35,248741
2025-02-07,Instagram,30s,Female,16824,452,74193,34,1357077
2025-02-08,Google,30s,Female,16968,514,171287,33,794123
2025-02-08,Facebook,30s,Female,5280,528,238643,11,1145233
2025-02-08,Google,40s,Male,11905,211,239599,33,1895614
2025-02-08,Naver,50s+,Male,16142,135,204706,13,561337
2025-02-08,Instagram,40s,Female,16171,432,119834,8,1575213
2025-02-08,Naver,20s,Male,12737,908,138286,26,1199832
2025-02-08,Google,30s,Male,5629,562,229603,35,1357703
2025-02-08,Google,20s,Female,12935,190,100437,21,416549
2025-02-08,Facebook,50s+,Female,16218,688,133209,14,1873033
2025-02-08,Facebook,20s,Female,8343,212,251973,6,311378
2025-02-08,Organic,50s+,Male,14403,447,52408,6,745464
2025-02-08,Google,30s,Male,8528,676,299196,47,124121
2025-02-08,Google,30s,Female,7860,161,185981,32,1750708
2025-02-08,Facebook,50s+,Female,12543,921,64424,16,604749
2025-02-08,Facebook,20s,Male,19736,117,286277,23,170069
2025-02-08,Google,30s,Male,5552,207,283013,2,486216
2025-02-08,Google,50s+,Female,9187,268,149628,25,1368532
2025-02-08,Facebook,20s,Female,6087,156,66744,31,1048464
2025-02-08,Google,30s,Male,5192,519,166235,40,931478
2025-02-08,Facebook,50s+,Female,7263,627,56143,1,1123156
2025-02-08,Facebook,50s+,Female,18018,875,178553,17,889727
2025-02-08,Google,50s+,Female,18123,940,164355,29,1653516
2025-02-08,Organic,50s+,Male,19145,854,136695,4,430286
2025-02-08,Google,50s+,Female,6911,691,193658,10,1867697
2025-02-08,Facebook,30s,Female,11358,695,52472,37,905354
2025-02-08,Facebook,30s,Female,7463,746,294773,30,1466693
2025-02-08,Naver,40s,Female,19043,139,167172,14,594131
2025-02-09,Naver,50s+,Male,6498,649,215295,23,1956767
2025-02-09,Facebook,50s+,Male,6869,686,173783,24,216844
2025-02-09,Naver,20s,Female,6771,677,124212,22,1291300
2025-02-09,Naver,40s,Female,5602,560,64003,44,666831
2025-02-09,Google,30s,Male,7627,762,143192,30,1631131
2025-02-09,Facebook,30s,Male,18519,447,222903,6,424081
2025-02-09,Organic,40s,Female,8323,299,214902,25,198062
2025-02-09,Google,50s+,Female,9035,903,222507,20,1396306
2025-02-09,Google,50s+,Male,9569,586,71159,46,531574
2025-02-09,Naver,40s,Female,10143,612,214448,29,1240717
2025-02-09,Google,30s,Female,14839,859,215077,20,390360
2025-02-09,Organic,50s+,Male,8354,393,157361,35,1836741
2025-02-09,Naver,40s,Male,15359,444,142628,44,1531038
2025-02-09,Naver,50s+,Female,12034,525,234039,25,1409784
2025-02-09,Organic,40s,Male,16404,691,168971,46,1488034
2025-02-09,Google,30s,Female,14053,930,285167,14,1666273
2025-02-09,Instagram,50s+,Male,7102,710,178029,7,662303
2025-02-09,Instagram,20s,Male,9169,201,177374,37,402288
2025-02-09,Google,40s,Male,9690,707,163276,12,137408
2025-02-09,Facebook,20s,Female,16176,260,284176,8,1918667
2025-02-09,Facebook,20s,Female,7872,724,77131,22,1810096
2025-02-09,Facebook,50s+,Female,5513,551,286848,46,1314268
2025-02-09,Facebook,30s,Male,12915,358,202425,43,1755550
2025-02-09,Google,30s,Male,5840,185,91903,37,151624
2025-02-09,Instagram,20s,Female,7766,776,286315,43,427332
2025-02-09,Naver,30s,Male,13154,285,173077,18,900979
2025-02-09,Google,50s+,Male,14791,433,150065,28,688243
2025-02-09,Facebook,50s+,Male,12104,141,156579,25,616105
2025-02-09,Instagram,50s+,Male,14308,576,278255,36,1045900
2025-02-09,Google,20s,Male,18174,209,212116,41,1568161
2025-02-10,Naver,40s,Male,15653,791,123121,36,230200
2025-02-10,Google,40s,Female,10073,962,238200,1,213727
2025-02-10,Facebook,50s+,Male,5187,518,218640,49,1765606
2025-02-10,Facebook,20s,Male,18081,793,289089,26,1100496
2025-02-10,Instagram,20s,Male,6533,653,250255,31,1256413
2025-02-10,Google,40s,Female,19917,136,92750,21,978117
2025-02-10,Facebook,30s,Male,15076,617,214986,23,1343977
2025-02-10,Naver,30s,Male,17154,526,57003,22,1184588
2025-02-10,Naver,50s+,Female,15688,228,204557,12,1698940
2025-02-10,Naver,40s,Male,17609,498,165663,25,184389
2025-02-10,Google,30s,Male,13760,645,113312,48,717465
2025-02-10,Google,50s+,Male,11784,733,195903,33,908421
2025-02-10,Google,40s,Female,18301,186,119605,24,1435628
2025-02-10,Google,30s,Male,18971,698,173659,30,993889
2025-02-10,Facebook,20s,Male,10043,712,274864,48,1772165
2025-02-10,Naver,30s,Male,18347,863,165612,24,1484867
2025-02-10,Naver,20s,Male,13775,481,207206,18,136642
2025-02-10,Instagram,40s,Female,18604,351,129664,26,597266
2025-02-10,Facebook,40s,Female,18057,533,155622,47,521593
2025-02-10,Organic,30s,Male,13631,214,249074,9,515015
2025-02-10,Google,50s+,Female,7047,704,58457,7,777885
2025-02-10,Naver,30s,Male,12592,498,151635,47,234873
2025-02-10,Naver,50s+,Male,6713,671,278042,28,1792358
2025-02-10,Naver,20s,Female,15643,434,72488,1,1357421
2025-02-10,Facebook,30s,Male,13098,529,127856,21,1456395
2025-02-10,Naver,50s+,Female,5985,542,158838,42,1356421
2025-02-10,Facebook,50s+,Male,16652,320,132370,42,1777441
2025-02-11,Naver,50s+,Female,11060,152,97272,22,1346750
2025-02-11,Instagram,40s,Female,14256,472,244882,41,1617685
2025-02-11,Naver,50s+,Female,17095,777,68982,24,1987070
2025-02-11,Google,30s,Male,16136,842,72926,44,393740
2025-02-11,Naver,20s,Male,18329,510,121739,46,312497
2025-02-11,Google,50s+,Female,7830,341,122880,20,1324303
2025-02-11,Facebook,20s,Male,8341,422,286004,22,1510755
2025-02-11,Google,50s+,Male,15797,218,167805,13,426264
2025-02-11,Google,50s+,Female,16380,107,184040,14,1788776
2025-02-11,Facebook,20s,Female,18804,201,103939,16,688220
2025-02-11,Naver,30s,Male,7597,759,250315,4,1612531
2025-02-11,Organic,30s,Male,13391,188,253879,37,1952640
2025-02-11,Naver,50s+,Female,13507,189,174931,37,1270125
2025-02-11,Instagram,50s+,Male,16012,201,236127,20,130177
2025-02-11,Instagram,50s+,Male,19412,348,299923,8,1496382
2025-02-11,Facebook,40s,Male,19099,987,259313,7,827974
2025-02-11,Facebook,50s+,Male,9521,155,70976,11,1929946
2025-02-11,Facebook,50s+,Female,15206,489,299451,1,1328663
2025-02-11,Facebook,40s,Male,19332,492,207026,47,1679603
2025-02-11,Instagram,30s,Female,12661,540,123411,22,1155256
2025-02-11,Google,20s,Female,11979,243,110193,27,132063
2025-02-11,Google,20s,Female,7806,396,277546,30,289862
2025-02-11,Instagram,20s,Male,13625,767,118262,20,908691
2025-02-11,Facebook,50s+,Male,8376,769,240988,37,1461363
2025-02-11,Instagram,50s+,Female,10310,787,55401,38,167836
2025-02-11,Facebook,40s,Female,12334,105,164213,15,1283833
2025-02-11,Instagram,50s+,Male,13296,946,231997,9,1965979
2025-02-11,Facebook,30s,Female,10265,281,179385,39,1988655
2025-02-11,Facebook,50s+,Male,19056,759,151649,19,407117
2025-02-11,Naver,50s+,Female,8746,618,131020,38,1187394
2025-02-12,Naver,30s,Female,13811,157,76564,28,252102
2025-02-12,Google,20s,Female,7673,627,91295,49,1925623
2025-02-12,Facebook,20s,Male,12635,394,193649,37,1087932
2025-02-12,Instagram,20s,Female,14284,168,123562,33,1530121
2025-02-12,Google,50s+,Female,13521,844,281365,31,268396
2025-02-12,Facebook,20s,Male,16965,414,287797,15,1753412
2025-02-12,Google,50s+,Male,7768,351,116358,33,329167
2025-02-12,Google,20s,Female,8586,548,129765,33,1180803
2025-02-12,Organic,50s+,Female,9228,840,106934,45,1997264
2025-02-12,Google,40s,Female,9647,964,148335,14,1929013
2025-02-12,Google,50s+,Female,13627,817,253991,18,671485
2025-02-12,Facebook,40s,Female,14825,110,69857,2,345112
2025-02-12,Google,30s,Female,11288,888,91085,49,1020914
2025-02-12,Naver,50s+,Male,14011,375,118104,16,1038674
2025-02-12,Google,50s+,Male,15593,987,176463,41,1280820
2025-02-12,Naver,20s,Male,17952,397,142566,25,1137617
2025-02-12,Google,40s,Male,7933,793,247498,26,561609
2025-02-12,Naver,50s+,Male,12639,475,206022,37,324266
2025-02-12,Google,50s+,Male,19156,849,261208,32,750654
2025-02-12,Facebook,20s,Female,7946,512,222503,16,1315333
2025-02-12,Google,50s+,Female,14873,314,249331,45,352034
2025-02-12,Organic,20s,Male,19286,904,217048,2,1916552
2025-02-12,Google,50s+,Male,12287,620,202697,27,1043351
2025-02-12,Organic,40s,Female,8284,151,241890,30,707716
2025-02-12,Facebook,50s+,Female,9019,247,211009,9,492930
2025-02-12,Google,50s+,Female,15741,208,287110,41,1199083
2025-02-12,Naver,30s,Male,5988,399,266450,25,271520
2025-02-12,Facebook,50s+,Male,13135,249,65656,28,192103
2025-02-12,Naver,50s+,Male,11259,955,201904,6,326111
2025-02-13,Facebook,30s,Female,6404,640,292026,14,1114866
2025-02-13,Facebook,50s+,Female,9536,544,264293,5,692886
2025-02-13,Google,30s,Male,13210,358,266965,18,1817856
2025-02-13,Naver,50s+,Female,5865,441,225450,42,1639100
2025-02-13,Facebook,50s+,Female,18588,956,238856,46,129719
2025-02-13,Google,50s+,Female,9782,966,277688,24,128186
2025-02-13,Organic,50s+,Female,11804,368,79106,38,241100
2025-02-13,Instagram,50s+,Male,5449,481,63046,27,249090
2025-02-13,Google,50s+,Male,8035,655,167192,12,371260
2025-02-13,Organic,30s,Male,9747,291,128105,31,692652
2025-02-13,Google,20s,Male,11190,646,76904,23,582353
2025-02-13,Google,20s,Female,15476,301,151585,39,841578
2025-02-13,Organic,20s,Female,7409,566,115266,12,544061
2025-02-13,Instagram,30s,Female,19649,107,62281,12,601678
2025-02-13,Google,20s,Female,5487,373,229996,28,280265
2025-02-13,Google,50s+,Male,19895,261,68428,28,1721650
2025-02-13,Facebook,20s,Female,10100,106,261535,21,855916
2025-02-13,Facebook,30s,Male,13951,349,75567,48,1202321
2025-02-13,Facebook,20s,Male,11317,883,275529,39,135884
2025-02-13,Naver,20s,Female,6531,525,208195,19,1928946
2025-02-13,Google,40s,Female,18413,775,213141,49,1280995
2025-02-13,Naver,30s,Male,16761,544,185786,9,1637200
2025-02-13,Google,20s,Male,17905,520,249125,16,1458330
2025-02-13,Facebook,40s,Male,12232,724,116421,9,1998674
2025-02-13,Google,50s+,Female,5102,449,134248,25,374891
2025-02-13,Instagram,40s,Male,11314,170,122421,34,708545
2025-02-13,Facebook,40s,Female,11426,736,181670,16,237661
2025-02-13,Facebook,30s,Female,14829,681,229137,2,1429517
2025-02-13,Instagram,50s+,Female,7078,128,93421,9,1930278
2025-02-13,Instagram,50s+,Male,10132,466,84774,11,886883
2025-02-13,Naver,30s,Female,13061,116,84785,23,899068
2025-02-13,Instagram,50s+,Female,6003,457,71812,35,1246270
2025-02-13,Facebook,30s,Male,11776,380,51084,21,1192190
2025-02-13,Google,20s,Female,18341,244,241497,39,1925846
2025-02-13,Facebook,20s,Female,8534,853,154824,12,1941982
2025-02-13,Google,40s,Male,9240,616,117262,9,1277027
2025-02-14,Facebook,50s+,Male,15971,462,278085,42,454046
2025-02-14,Google,30s,Female,9946,763,165411,20,1373487
2025-02-14,Naver,40s,Female,17938,794,225746,33,1679482
2025-02-14,Google,50s+,Male,5473,227,127741,45,1896150
2025-02-14,Google,50s+,Male,6387,638,73327,1,1616616
2025-02-14,Naver,40s,Male,7282,136,158270,27,1343129
2025-02-14,Facebook,20s,Male,14726,585,240619,6,1972488
2025-02-14,Naver,20s,Female,18592,615,170687,33,1036112
2025-02-14,Google,40s,Male,15750,191,87808,38,683093
2025-02-14,Google,30s,Female,12413,660,89637,8,742925
2025-02-14,Google,20s,Female,10524,530,92306,8,1420393
2025-02-14,Google,30s,Male,9154,562,150079,17,400384
2025-02-14,Instagram,40s,Female,9703,591,233509,24,1361557
2025-02-14,Google,40s,Male,13840,618,156604,47,590481
2025-02-14,Google,20s,Male,13875,467,145373,12,1355313
2025-02-14,Naver,20s,Male,9738,172,156052,28,478511
2025-02-14,Facebook,20s,Female,19993,481,203173,10,174728
2025-02-14,Google,40s,Male,17844,939,128630,8,146199
2025-02-14,Facebook,50s+,Female,16339,119,292244,23,680139
2025-02-14,Naver,40s,Male,9345,206,133530,5,350878
2025-02-14,Facebook,30s,Male,13077,612,174580,7,1221506
2025-02-14,Naver,20s,Male,6854,346,130031,36,1310150
2025-02-14,Google,30s,Male,9914,133,213786,26,325507
2025-02-14,Google,50s+,Male,10532,943,101263,21,1231986
2025-02-14,Naver,20s,Male,19395,739,256884,19,1766701
2025-02-14,Naver,40s,Male,13861,551,163761,33,846425
2025-02-14,Facebook,20s,Male,15735,334,60165,41,1949417
2025-02-15,Naver,20s,Male,17537,740,74507,8,417001
2025-02-15,Facebook,40s,Female,8048,649,74876,8,1182377
2025-02-15,Naver,50s+,Female,6854,685,67351,35,1654860
2025-02-15,Facebook,50s+,Female,11381,318,230740,7,1168505
2025-02-15,Instagram,20s,Female,10065,287,133711,11,297400
2025-02-15,Google,30s,Male,11695,348,214496,41,226622
2025-02-15,Instagram,30s,Female,15580,334,130810,1,1321115
2025-02-15,Naver,30s,Female,7174,413,250005,40,232856
2025-02-15,Facebook,30s,Female,14718,936,61625,2,1934497
2025-02-15,Naver,30s,Female,10552,383,259360,40,1466803
2025-02-15,Naver,40s,Male,10190,550,270778,8,1345699
2025-02-15,Naver,20s,Male,11718,829,146317,36,947123
2025-02-15,Naver,20s,Male,15135,382,80424,24,826620
2025-02-15,Organic,20s,Male,18291,420,198760,9,1495712
2025-02-15,Organic,50s+,Male,7845,510,139597,6,1197188
2025-02-15,Instagram,50s+,Male,7557,534,54129,17,1714493
2025-02-15,Facebook,20s,Male,13163,432,86192,23,297001
2025-02-15,Facebook,20s,Male,15392,556,116172,30,1991634
2025-02-15,Naver,20s,Male,13935,677,246972,30,1511706
2025-02-15,Google,50s+,Female,19345,860,85469,40,261466
2025-02-15,Naver,50s+,Female,10877,131,60336,24,105537
2025-02-15,Naver,40s,Female,12032,677,183192,10,1434653
2025-02-15,Facebook,20s,Female,19339,686,79597,31,827292
2025-02-15,Naver,40s,Male,16109,105,139350,10,248612
2025-02-15,Facebook,20s,Female,15383,879,230501,14,765666
2025-02-15,Organic,20s,Female,5173,517,270705,21,208555
2025-02-15,Google,50s+,Female,7237,632,71764,5,563454
2025-02-15,Google,30s,Female,13316,278,214528,6,527525
2025-02-16,Google,40s,Male,18983,355,247624,6,1872222
2025-02-16,Facebook,30s,Female,12329,490,216951,36,1420272
2025-02-16,Naver,40s,Female,14265,484,218193,36,282318
2025-02-16,Naver,30s,Male,15377,359,242373,27,1861038
2025-02-16,Google,40s,Female,13629,898,282354,11,1400433
2025-02-16,Google,30s,Female,9413,710,169648,12,1943656
2025-02-16,Instagram,20s,Male,16746,418,64917,4,471002
2025-02-16,Instagram,50s+,Female,19802,978,112268,40,737467
2025-02-16,Facebook,40s,Male,19684,878,148733,25,871801
2025-02-16,Facebook,40s,Female,9738,689,65828,27,1740281
2025-02-16,Instagram,20s,Male,7799,779,284370,21,1361539
2025-02-16,Naver,20s,Male,5677,567,225779,9,434431
2025-02-16,Google,40s,Female,14013,512,73809,1,1589125
2025-02-16,Google,30s,Female,7815,517,79826,39,297981
2025-02-16,Facebook,50s+,Female,16178,488,172751,20,1154066
2025-02-16,Instagram,30s,Male,10453,344,205041,36,405150
2025-02-16,Organic,20s,Male,9382,665,163945,45,1321845
2025-02-16,Instagram,20s,Female,9200,476,296747,10,1187743
2025-02-16,Google,20s,Male,11638,752,103500,28,1823569
2025-02-16,Google,20s,Female,17613,374,110198,6,151401
2025-02-16,Google,30s,Male,11087,986,203061,7,1096065
2025-02-16,Organic,20s,Male,16276,975,138440,49,1799090
2025-02-16,Instagram,40s,Male,8618,691,150787,37,369194
2025-02-16,Google,50s+,Male,6134,180,67095,6,927274
2025-02-16,Google,40s,Female,19743,801,171993,5,1947448
2025-02-17,Facebook,40s,Female,17924,912,129096,32,826072
2025-02-17,Facebook,30s,Male,14258,896,208407,36,1297658
2025-02-17,Facebook,50s+,Female,5081,214,161914,28,568559
2025-02-17,Instagram,40s,Male,16231,255,55822,25,299119
2025-02-17,Organic,40s,Male,16609,144,129326,28,160994
2025-02-17,Google,40s,Male,18574,991,65291,27,1656467
2025-02-17,Naver,40s,Female,18808,673,63437,1,1832734
2025-02-17,Google,20s,Male,18030,883,175077,3,353845
2025-02-17,Organic,20s,Male,13135,302,182217,44,588044
2025-02-17,Instagram,40s,Male,13224,942,264812,23,700439
2025-02-17,Facebook,50s+,Female,11951,631,69483,7,1521014
2025-02-17,Google,40s,Female,16565,281,130916,29,370819
2025-02-17,Facebook,20s,Female,16590,324,152880,15,765482
2025-02-17,Facebook,20s,Male,19616,294,73887,12,1749676
2025-02-17,Facebook,40s,Female,16741,945,283292,15,1809974
2025-02-17,Naver,20s,Male,10238,428,88427,38,345341
2025-02-17,Facebook,30s,Female,9941,834,296491,36,1318275
2025-02-17,Instagram,50s+,Female,7763,776,71110,41,1284153
2025-02-17,Facebook,50s+,Female,17056,181,63242,13,1575350
2025-02-17,Facebook,30s,Female,5962,596,217526,8,1556102
2025-02-17,Naver,30s,Female,13445,763,87556,25,476008
2025-02-17,Google,30s,Female,8833,466,68558,3,1032071
2025-02-17,Instagram,30s,Female,13153,812,75081,19,1305410
2025-02-17,Facebook,40s,Male,9133,152,226553,30,1371723
2025-02-17,Google,40s,Male,8627,176,129612,29,248980
2025-02-17,Google,30s,Female,10030,241,257144,17,1402827
2025-02-17,Google,40s,Female,5670,109,213312,2,346358
2025-02-17,Google,40s,Male,8399,403,277159,23,1794410
2025-02-17,Google,40s,Male,8782,878,193682,16,944636
2025-02-17,Google,50s+,Female,17638,965,160860,31,1264899
2025-02-17,Google,40s,Female,10671,819,165256,27,180123
2025-02-17,Organic,20s,Female,7301,678,196269,46,1825640
2025-02-17,Naver,30s,Female,15858,158,160133,31,893349
2025-02-17,Google,40s,Male,8135,555,275948,22,1194098
2025-02-17,Naver,40s,Female,8351,835,229392,26,1347781
2025-02-18,Facebook,40s,Male,19567,858,247839,34,763816
2025-02-18,Organic,30s,Female,12677,462,109579,21,1112403
2025-02-18,Naver,20s,Male,6336,208,270232,41,492617
2025-02-18,Instagram,30s,Male,6359,635,203289,40,1500292
2025-02-18,Google,20s,Female,10995,358,62969,19,1120827
2025-02-18,Naver,50s+,Female,14568,415,115455,22,1769444
2025-02-18,Instagram,20s,Female,11896,606,59688,24,1000240
2025-02-18,Google,40s,Female,14942,510,201256,9,1168551
2025-02-18,Google,50s+,Female,11532,282,243720,9,1161176
2025-02-18,Naver,30s,Male,18843,363,292360,3,192401
2025-02-18,Instagram,40s,Female,15947,348,284186,40,719313
2025-02-18,Google,20s,Male,12436,728,275615,16,392036
2025-02-18,Google,40s,Male,6904,690,210063,42,1666295
2025-02-18,Naver,50s+,Female,16724,824,101056,43,464024
2025-02-18,Naver,20s,Male,6432,402,129782,3,1760800
2025-02-18,Google,20s,Female,13368,977,245989,28,1377324
2025-02-18,Google,20s,Male,10090,365,291621,18,195109
2025-02-18,Facebook,30s,Male,7071,707,268374,23,937354
2025-02-18,Google,50s+,Male,8752,294,158171,24,656604
2025-02-18,Organic,50s+,Female,9543,654,136324,37,817493
2025-02-18,Instagram,40s,Male,11254,904,233615,40,451609
2025-02-18,Google,20s,Female,15799,138,170357,6,1589908
2025-02-18,Facebook,40s,Male,6520,305,77144,44,1539432
2025-02-18,Instagram,40s,Female,15865,774,187369,27,1435153
2025-02-18,Facebook,30s,Female,19405,940,144736,49,1689691
2025-02-18,Instagram,40s,Male,18177,950,127268,8,1599303
2025-02-19,Google,30s,Male,11700,903,256479,28,1187199
2025-02-19,Google,20s,Female,16445,928,102920,40,1778701
2025-02-19,Google,30s,Male,16081,359,61626,49,1673434
2025-02-19,Facebook,30s,Female,17684,599,93937,34,292767
2025-02-19,Facebook,50s+,Female,14428,197,170348,39,1106532
2025-02-19,Google,40s,Female,18441,398,143874,4,1444398
2025-02-19,Facebook,40s,Male,12516,283,292540,46,1943122
2025-02-19,Google,50s+,Male,6440,407,173312,5,1990043
2025-02-19,Facebook,20s,Male,9840,186,219540,22,455423
2025-02-19,Organic,40s,Female,11154,391,235121,38,1177683
2025-02-19,Facebook,30s,Male,11456,445,287217,28,542445
2025-02-19,Google,50s+,Male,16702,232,127234,20,1803104
2025-02-19,Google,40s,Male,15159,722,251455,32,126268
2025-02-19,Naver,30s,Female,17765,460,184159,44,1067898
2025-02-19,Naver,20s,Female,14832,901,245589,13,1720507
2025-02-19,Facebook,50s+,Female,12010,194,158850,28,527496
2025-02-19,Instagram,20s,Male,16697,143,120676,28,1268654
2025-02-19,Naver,20s,Male,16823,639,180144,16,1737380
2025-02-19,Facebook,30s,Female,7004,136,105338,26,1437202
2025-02-19,Google,30s,Female,6854,484,59549,18,116131
2025-02-19,Naver,50s+,Female,10356,538,146347,38,116785
2025-02-19,Google,50s+,Male,7707,770,207190,15,526002
2025-02-19,Facebook,50s+,Male,18536,737,224023,33,387315
2025-02-19,Naver,20s,Female,19572,625,291137,22,124920
2025-02-19,Facebook,20s,Female,17052,509,65780,31,903584
2025-02-19,Google,50s+,Male,5524,552,89313,13,1125135
2025-02-19,Google,20s,Male,10038,646,53420,14,1201501
2025-02-19,Google,30s,Female,9243,546,184514,23,1633855
2025-02-19,Facebook,40s,Male,9304,184,145624,36,560023
2025-02-20,Organic,40s,Male,11826,506,183878,30,1177087
2025-02-20,Google,20s,Male,10338,562,194494,34,1076598
2025-02-20,Facebook,50s+,Female,10686,869,130873,24,710558
2025-02-20,Naver,20s,Female,13927,442,270136,36,1522325
2025-02-20,Google,20s,Male,8819,166,132161,12,1488931
2025-02-20,Facebook,20s,Male,7559,755,203765,38,1519732
2025-02-20,Facebook,50s+,Female,7949,794,188204,47,571167
2025-02-20,Naver,30s,Male,14325,342,240937,2,1146284
2025-02-20,Facebook,30s,Female,19600,816,251019,19,1374983
2025-02-20,Facebook,40s,Female,6258,420,232328,1,1553509
2025-02-20,Facebook,50s+,Female,5442,492,249756,3,1778522
2025-02-20,Organic,20s,Female,14495,407,232378,32,1686632
2025-02-20,Organic,40s,Female,6923,173,273700,5,1169568
2025-02-20,Facebook,40s,Female,8663,686,262428,16,566413
2025-02-20,Google,40s,Female,16488,575,145202,10,181643
2025-02-20,Organic,30s,Female,12936,500,113372,37,1322269
2025-02-20,Instagram,50s+,Male,13852,686,295515,48,1688118
2025-02-20,Instagram,50s+,Female,15832,205,62083,41,1385299
2025-02-20,Facebook,30s,Male,5741,574,54449,35,1606043
2025-02-20,Naver,30s,Male,8189,451,243823,21,985622
2025-02-20,Instagram,50s+,Female,5158,294,130541,43,1650122
2025-02-20,Naver,20s,Male,19965,450,171028,2,1627444
2025-02-20,Facebook,40s,Female,5435,104,126976,20,146283
2025-02-20,Organic,40s,Female,19571,440,168146,34,1446033
2025-02-20,Google,40s,Female,8625,188,221029,36,1983408
2025-02-20,Facebook,20s,Female,7083,430,177288,5,1183987
2025-02-20,Facebook,50s+,Female,19441,428,283761,47,1230571
2025-02-20,Google,30s,Female,19726,293,153627,15,1208056
2025-02-20,Organic,20s,Female,9804,458,78832,2,576071
2025-02-20,Google,40s,Male,9627,700,107394,9,1616604
2025-02-20,Facebook,50s+,Male,7234,411,251755,24,1111879
2025-02-20,Facebook,30s,Male,18795,234,240160,12,1113963
2025-02-21,Instagram,20s,Female,11915,292,240231,44,1527041
2025-02-21,Google,40s,Female,7108,663,121193,41,1730438
2025-02-21,Facebook,40s,Male,9435,528,166437,3,1014903
2025-02-21,Naver,30s,Male,9372,549,99163,27,1770347
2025-02-21,Google,20s,Female,15340,240,199628,11,1921177
2025-02-21,Instagram,30s,Male,9416,108,248790,10,1255948
2025-02-21,Facebook,20s,Female,12530,900,75079,48,606706
2025-02-21,Facebook,50s+,Male,6270,627,119109,14,1286350
2025-02-21,Facebook,20s,Male,7441,384,272903,5,704904
2025-02-21,Naver,40s,Female,7794,324,173842,17,1998577
2025-02-21,Google,30s,Male,17733,752,59822,46,1242688
2025-02-21,Instagram,20s,Male,12540,654,146942,39,237021
2025-02-21,Naver,20s,Male,12924,303,132032,31,487632
2025-02-21,Instagram,20s,Female,19089,872,173791,3,1282768
2025-02-21,Google,20s,Male,5440,342,66844,28,309342
2025-02-21,Organic,40s,Female,8042,296,234554,16,233295
2025-02-21,Instagram,40s,Male,17892,995,278465,30,105293
2025-02-21,Google,50s+,Male,18462,122,235208,24,870994
2025-02-21,Google,20s,Female,8229,822,172765,7,1654669
2025-02-21,Facebook,50s+,Female,14127,872,267867,47,459066
2025-02-21,Naver,20s,Male,7104,389,53332,35,1537760
2025-02-21,Facebook,50s+,Male,6356,423,161860,30,711845
2025-02-21,Organic,40s,Female,19724,688,53117,38,1814234
2025-02-21,Instagram,20s,Female,18961,999,284957,42,199689
2025-02-21,Google,30s,Male,15704,951,279802,49,1503285
2025-02-22,Naver,30s,Male,8439,159,187689,11,891106
2025-02-22,Facebook,50s+,Female,10122,976,71919,7,312894
2025-02-22,Naver,50s+,Female,10332,335,50583,1,1571491
2025-02-22,Instagram,30s,Female,8033,760,195203,20,1469571
2025-02-22,Facebook,50s+,Female,15208,438,276789,36,170585
2025-02-22,Facebook,50s+,Female,12370,678,79255,21,1025494
2025-02-22,Organic,40s,Female,10851,457,133943,10,1544920
2025-02-22,Organic,40s,Male,13388,824,123238,24,1747379
2025-02-22,Facebook,20s,Female,15968,422,200453,46,660012
2025-02-22,Google,50s+,Male,13269,911,239393,17,1017874
2025-02-22,Google,20s,Female,6317,631,272488,26,987269
2025-02-22,Organic,30s,Male,6859,685,171676,47,1084921
2025-02-22,Facebook,40s,Female,5993,511,252462,33,431339
2025-02-22,Google,50s+,Female,14499,888,242380,22,458278
2025-02-22,Facebook,40s,Male,19101,811,136893,24,1615320
2025-02-22,Instagram,50s+,Female,17295,603,176991,24,185428
2025-02-22,Naver,20s,Female,6067,414,99338,45,1082565
2025-02-22,Google,40s,Male,13705,690,279677,46,442649
2025-02-23,Google,20s,Male,9082,113,248946,22,254855
2025-02-23,Naver,20s,Male,18680,433,259547,39,330835
2025-02-23,Naver,30s,Male,15515,814,53215,37,1322701
2025-02-23,Organic,40s,Female,16078,261,156622,44,1886310
2025-02-23,Instagram,20s,Male,13558,473,284510,5,846437
2025-02-23,Facebook,30s,Female,18740,928,92771,11,1063276
2025-02-23,Instagram,40s,Male,14362,350,204848,3,1220472
2025-02-23,Naver,20s,Female,6559,655,79870,29,814752
2025-02-23,Naver,40s,Female,5198,519,91461,29,1964728
2025-02-23,Instagram,40s,Female,16089,270,147212,9,1574266
2025-02-23,Organic,20s,Female,7022,440,265686,48,1024348
2025-02-23,Facebook,40s,Male,15594,322,157476,35,1019814
2025-02-23,Naver,50s+,Female,5298,529,246954,33,259574
2025-02-23,Google,50s+,Male,10712,909,174201,21,1510073
2025-02-23,Naver,40s,Female,5904,590,133437,43,161362
2025-02-23,Google,20s,Male,16784,356,284972,18,108755
2025-02-23,Facebook,20s,Male,11473,293,279784,33,621662
2025-02-23,Naver,30s,Male,19036,549,59835,5,1087179
2025-02-23,Facebook,20s,Female,5916,591,158794,36,590573
2025-02-23,Organic,50s+,Female,13891,156,108684,31,1418403
2025-02-23,Google,40s,Male,10097,880,145170,12,1930466
2025-02-23,Naver,50s+,Female,15377,517,276329,12,877641
2025-02-23,Naver,30s,Male,11587,801,266790,6,731483
2025-02-23,Naver,50s+,Female,18931,977,134370,22,1914086
2025-02-23,Google,20s,Male,5956,595,199174,41,1148423
2025-02-23,Naver,50s+,Female,11177,337,117241,38,318295
2025-02-23,Google,30s,Female,16382,876,121334,16,918977
2025-02-23,Google,20s,Male,7866,786,160894,17,266826
2025-02-23,Organic,50s+,Male,13447,259,228565,36,1433134
2025-02-24,Facebook,30s,Male,12304,929,265740,22,1164631
2025-02-24,Facebook,50s+,Female,12860,266,109085,34,1684404
2025-02-24,Facebook,30s,Male,6262,394,263833,13,272753
2025-02-24,Google,50s+,Male,8934,887,59447,24,1647922
2025-02-24,Naver,50s+,Male,5592,559,76017,21,154811
2025-02-24,Google,50s+,Male,12247,744,203119,39,738486
2025-02-24,Google,20s,Male,19510,581,78673,38,1921700
2025-02-24,Instagram,20s,Male,8459,819,229921,12,1402053
2025-02-24,Instagram,40s,Female,10606,544,90177,37,597378
2025-02-24,Google,30s,Male,7379,528,219489,34,562295
2025-02-24,Facebook,50s+,Male,11935,240,50151,48,523608
2025-02-24,Facebook,30s,Female,8323,648,129157,43,1866687
2025-02-24,Google,50s+,Female,17421,653,246372,37,941113
2025-02-24,Organic,40s,Female,8258,308,55861,27,786424
2025-02-24,Google,30s,Female,16472,302,263797,19,278452
2025-02-24,Google,40s,Female,9213,921,291722,48,1757244
2025-02-24,Google,20s,Male,6867,686,98537,19,206724
2025-02-24,Facebook,30s,Male,13029,643,266067,29,1068044
2025-02-24,Naver,30s,Female,11154,157,248991,12,425013
2025-02-24,Organic,50s+,Female,15054,776,296537,14,136265
2025-02-24,Facebook,30s,Male,8205,319,157795,16,867615
2025-02-24,Google,50s+,Female,17593,776,194512,44,159077
2025-02-24,Google,40s,Female,11077,257,245766,10,721408
2025-02-24,Google,50s+,Male,14769,606,228416,39,1998357
2025-02-24,Facebook,50s+,Female,13096,247,106724,21,164036
2025-02-24,Google,30s,Female,17117,276,140797,45,795806
2025-02-24,Google,30s,Male,12140,226,121836,24,153669
2025-02-24,Instagram,50s+,Female,11918,214,179897,7,699072
2025-02-24,Instagram,20s,Male,15091,684,135085,12,1417417
2025-02-24,Naver,40s,Female,10757,788,183927,28,1346348
2025-02-25,Instagram,40s,Female,16185,564,293903,43,1560995
2025-02-25,Organic,30s,Female,9225,330,280304,5,113218
2025-02-25,Instagram,40s,Male,8317,354,254081,22,1397575
2025-02-25,Facebook,40s,Male,13441,789,123240,1,1216438
2025-02-25,Facebook,50s+,Male,16583,438,180099,46,1333519
2025-02-25,Facebook,50s+,Male,8516,315,168421,32,388088
2025-02-25,Google,20s,Female,12635,448,276777,27,665571
2025-02-25,Naver,30s,Male,7143,714,171913,36,1785390
2025-02-25,Facebook,40s,Female,13939,411,175851,43,1319160
2025-02-25,Google,50s+,Female,12502,733,112113,42,1101583
2025-02-25,Google,20s,Male,12077,542,121156,11,1263513
2025-02-25,Naver,40s,Female,9676,509,130925,13,1620922
2025-02-25,Organic,30s,Female,13622,481,107475,11,360372
2025-02-25,Google,40s,Female,7448,260,248581,26,1412173
2025-02-25,Google,30s,Female,6541,654,196297,1,258676
2025-02-25,Naver,40s,Female,5208,345,131954,49,220665
2025-02-25,Google,50s+,Male,11304,329,163142,31,502492
2025-02-25,Facebook,20s,Female,19514,421,137070,40,281635
2025-02-25,Facebook,30s,Male,14604,250,274797,19,853761
2025-02-25,Google,50s+,Female,5034,275,135751,17,782666
2025-02-25,Facebook,30s,Male,19796,414,117144,31,732760
2025-02-25,Facebook,40s,Female,14803,715,286261,32,1679886
2025-02-25,Organic,20s,Female,6739,296,128764,31,396381
2025-02-25,Facebook,20s,Male,10515,532,205020,47,524427
2025-02-25,Organic,40s,Female,8329,163,125009,32,150367
2025-02-25,Google,20s,Female,5487,319,245003,31,1135334
2025-02-25,Google,20s,Female,11696,608,246135,19,1230312
2025-02-25,Naver,30s,Female,11312,721,208666,3,112718
2025-02-25,Google,50s+,Male,18513,652,123844,41,1139773
2025-02-25,Naver,50s+,Female,14278,648,238344,45,1597213
2025-02-26,Naver,20s,Female,15495,449,72726,47,1763600
2025-02-26,Facebook,20s,Female,10458,570,200505,25,1366813
2025-02-26,Instagram,40s,Male,16924,416,85077,23,1627681
2025-02-26,Facebook,20s,Male,17800,533,85345,13,1054234
2025-02-26,Google,50s+,Male,6607,444,69535,42,1835850
2025-02-26,Google,40s,Male,6004,600,288167,32,1324168
2025-02-26,Google,30s,Female,18680,895,269556,24,1396080
2025-02-26,Google,30s,Male,11282,169,158112,33,1330974
2025-02-26,Facebook,30s,Female,8089,718,288274,3,237122
2025-02-26,Facebook,50s+,Male,5799,579,157288,43,287245
2025-02-26,Instagram,50s+,Female,13587,801,118837,1,1078786
2025-02-26,Facebook,30s,Female,17667,561,226579,37,1832018
2025-02-26,Google,40s,Male,11108,371,246552,21,394253
2025-02-26,Facebook,50s+,Female,12825,714,252255,1,656714
2025-02-26,Facebook,20s,Female,17270,246,266260,24,1725151
2025-02-26,Facebook,30s,Male,13776,299,274507,30,1580441
2025-02-26,Google,50s+,Male,6829,682,75513,25,671356
2025-02-26,Facebook,50s+,Female,6604,434,115606,19,1376270
2025-02-26,Facebook,30s,Female,17969,896,178273,20,676539
2025-02-26,Instagram,20s,Female,14902,982,231516,42,242992
2025-02-26,Organic,20s,Female,15916,270,51732,34,247211
2025-02-26,Google,30s,Female,16495,462,243168,39,1830654
2025-02-26,Google,30s,Female,16976,578,269054,20,884476
2025-02-26,Naver,50s+,Female,15545,200,181750,3,1762482
2025-02-26,Facebook,50s+,Male,17014,751,213606,43,1359895
2025-02-26,Facebook,40s,Male,17100,743,296843,4,1345042
2025-02-27,Google,20s,Female,11903,974,55149,48,1831638
2025-02-27,Naver,50s+,Male,8471,357,240212,23,1867203
2025-02-27,Facebook,50s+,Male,14093,143,90318,7,577716
2025-02-27,Google,30s,Female,14857,367,179912,12,1702034
2025-02-27,Google,30s,Male,16011,742,111984,9,642250
2025-02-27,Facebook,30s,Male,11211,981,138233,44,1970297
2025-02-27,Instagram,40s,Male,14562,444,245073,6,760113
2025-02-27,Google,40s,Male,11904,859,145474,27,1192335
2025-02-27,Facebook,40s,Male,6851,295,158779,21,1091034
2025-02-27,Facebook,30s,Female,13508,334,211436,10,1436167
2025-02-27,Google,50s+,Female,6266,626,213437,13,1551321
2025-02-27,Google,30s,Male,10120,784,254779,49,1059624
2025-02-27,Google,30s,Male,19282,968,147155,1,462925
2025-02-27,Google,20s,Female,11447,340,80471,19,462461
2025-02-27,Instagram,50s+,Male,15890,538,151550,16,567114
2025-02-27,Naver,20s,Female,13693,472,105496,11,461230
2025-02-27,Facebook,30s,Male,7641,764,192035,40,1997660
2025-02-27,Google,20s,Male,14173,606,161498,6,720913
2025-02-27,Google,20s,Female,12932,482,231515,16,1235347
2025-02-27,Facebook,50s+,Male,8108,464,69460,49,1544374
2025-02-27,Facebook,20s,Female,7579,252,197811,13,398891
2025-02-27,Google,30s,Female,14336,908,228122,40,1084931
2025-02-27,Google,20s,Male,6995,109,287292,21,1598904
2025-02-27,Naver,50s+,Male,19614,436,141564,47,1040119
2025-02-27,Google,50s+,Female,17333,254,275857,18,846814
2025-02-27,Instagram,50s+,Female,14218,788,99868,27,1977985
2025-02-27,Instagram,40s,Female,5469,431,222707,19,787481
2025-02-27,Instagram,40s,Male,8998,432,181876,28,889774
2025-02-27,Instagram,20s,Male,7426,285,61507,5,1905116
2025-02-27,Google,50s+,Male,15731,458,204672,39,458094
2025-02-27,Facebook,40s,Male,17490,857,156357,4,1067752
2025-02-27,Instagram,50s+,Male,5885,206,144730,27,1121706
2025-02-27,Google,20s,Male,8303,195,258211,25,1703494
2025-02-27,Google,50s+,Female,11290,181,288604,10,1542507
2025-02-27,Organic,30s,Male,5511,460,182899,20,423361
2025-02-28,Instagram,50s+,Male,10217,321,91401,22,1561241
2025-02-28,Instagram,20s,Male,15044,768,292554,21,145441
2025-02-28,Naver,50s+,Female,13922,394,134152,23,514102
2025-02-28,Instagram,50s+,Female,14449,261,130962,22,1487223
2025-02-28,Naver,50s+,Female,14684,192,285604,8,694550
2025-02-28,Google,30s,Male,8699,862,80424,45,271207
2025-02-28,Facebook,30s,Male,10987,583,163815,45,902985
2025-02-28,Google,20s,Female,19314,438,200454,18,1208328
2025-02-28,Google,50s+,Female,6468,646,279289,4,1167182
2025-02-28,Google,20s,Female,15798,923,195140,38,795853
2025-02-28,Google,50s+,Male,16140,299,244987,16,186452
2025-02-28,Google,50s+,Female,11940,354,180086,40,736359
2025-02-28,Google,20s,Male,7561,756,137235,34,287377
2025-02-28,Facebook,20s,Female,9028,486,143840,28,1704196
2025-02-28,Naver,20s,Female,8819,881,51442,33,1262267
2025-02-28,Google,30s,Male,6149,419,111726,37,1300140
2025-02-28,Google,40s,Female,8315,239,159039,5,1362793
2025-02-28,Naver,30s,Female,19688,651,72178,41,625257
2025-02-28,Organic,20s,Male,17726,951,256612,13,1394028
2025-02-28,Google,40s,Male,18116,971,224237,23,1671733
2025-02-28,Facebook,30s,Male,12700,785,226225,3,1214223
2025-02-28,Instagram,40s,Female,10350,877,129636,9,1227614
2025-02-28,Facebook,50s+,Male,8244,195,188299,8,1952383
2025-02-28,Facebook,50s+,Female,10761,938,81721,6,600200
2025-02-28,Google,40s,Male,18081,464,135521,43,1093362
2025-02-28,Facebook,50s+,Female,18446,625,101138,41,838413
2025-02-28,Google,50s+,Male,16545,894,103715,3,1853572
2025-03-01,Google,50s+,Male,19795,498,142500,42,1284373
2025-03-01,Google,20s,Female,16966,984,114741,10,571394
2025-03-01,Instagram,20s,Male,13335,315,263810,32,291495
2025-03-01,Google,20s,Female,5621,562,227872,27,190355
2025-03-01,Facebook,50s+,Male,12290,664,117914,5,1793560
2025-03-01,Google,20s,Female,13422,299,80694,13,835228
2025-03-01,Google,40s,Male,7293,653,213693,4,798950
2025-03-01,Facebook,20s,Female,12711,848,104553,37,698679
2025-03-01,Naver,20s,Female,5482,528,192177,47,1219278
2025-03-01,Organic,30s,Male,12763,814,255960,16,1287378
2025-03-01,Naver,20s,Male,15551,410,83635,37,1860799
2025-03-01,Google,50s+,Female,10575,455,176188,36,1717712
2025-03-01,Google,40s,Female,6072,607,232523,4,1611014
2025-03-01,Google,50s+,Male,16253,513,123922,35,557799
2025-03-01,Instagram,30s,Male,17865,114,237690,22,905278
2025-03-01,Facebook,40s,Female,18442,883,66306,34,1090674
2025-03-01,Google,20s,Female,5397,347,184555,38,446582
2025-03-01,Facebook,50s+,Female,9736,917,222177,20,1477843
2025-03-01,Instagram,40s,Female,6534,653,136495,16,1188342
2025-03-01,Organic,30s,Male,18881,987,50445,6,1360677
2025-03-01,Organic,50s+,Female,11403,159,215584,31,1778930
2025-03-01,Naver,40s,Female,7041,704,246565,3,396306
2025-03-01,Facebook,50s+,Male,11246,567,215694,3,1880994
2025-03-01,Facebook,30s,Female,13030,615,103564,9,1369103
2025-03-01,Google,40s,Female,13944,676,147515,3,735169
2025-03-01,Facebook,30s,Female,7945,169,91061,33,1954028
2025-03-01,Google,30s,Female,6996,556,251563,2,1156877
2025-03-01,Google,30s,Male,7426,497,156482,39,221483
2025-03-01,Google,40s,Male,19029,845,109438,20,619422
2025-03-01,Google,30s,Female,18182,238,81835,22,1426020
2025-03-01,Google,50s+,Female,16005,162,161655,32,482122
2025-03-01,Facebook,20s,Female,8531,763,129636,45,920478
2025-03-01,Instagram,50s+,Male,15122,882,272107,20,236498
2025-03-02,Organic,40s,Female,15440,838,88239,20,1298101
2025-03-02,Google,40s,Female,17269,902,87346,12,1911439
2025-03-02,Naver,40s,Male,14497,828,198552,31,321751
2025-03-02,Facebook,30s,Male,15536,500,113944,49,739828
2025-03-02,Google,40s,Male,13248,358,265717,13,445739
2025-03-02,Google,50s+,Female,19218,251,225029,7,322292
2025-03-02,Facebook,50s+,Female,8240,699,104096,15,380779
2025-03-02,Google,40s,Male,14264,885,103975,17,1781934
2025-03-02,Google,20s,Female,7593,634,235882,47,1117595
2025-03-02,Facebook,50s+,Male,8079,703,164936,34,698686
2025-03-02,Facebook,30s,Male,15610,461,284221,17,1545456
2025-03-02,Google,20s,Male,14401,446,211896,6,1665308
2025-03-02,Google,20s,Female,16932,819,50200,9,1186639
2025-03-02,Organic,40s,Female,11956,993,99075,20,1821278
2025-03-02,Facebook,40s,Female,18449,578,105539,2,339992
2025-03-02,Naver,30s,Male,17762,149,65583,16,342760
2025-03-02,Naver,20s,Female,13816,589,225488,12,593181
2025-03-02,Instagram,40s,Male,8136,813,120526,22,1967393
2025-03-02,Google,50s+,Female,6536,311,93142,21,639611
2025-03-02,Instagram,50s+,Male,17546,236,196035,46,980415
2025-03-02,Google,30s,Female,14072,745,273395,32,495558
2025-03-02,Facebook,50s+,Female,11537,464,54996,33,1169341
2025-03-02,Google,50s+,Female,14607,675,116073,28,512896
2025-03-02,Google,40s,Female,8816,881,166281,10,1219376
2025-03-02,Google,40s,Male,18213,736,93296,31,1534265
2025-03-02,Organic,20s,Female,17093,285,292260,44,375144
2025-03-02,Google,20s,Female,5309,530,270533,9,350790
2025-03-03,Google,40s,Male,10061,515,252022,3,706851
2025-03-03,Facebook,40s,Female,14209,471,75477,2,587067
2025-03-03,Google,30s,Male,5676,567,286749,38,280231
2025-03-03,Naver,50s+,Female,6697,669,86934,12,1652374
2025-03-03,Facebook,50s+,Male,8247,824,88570,12,783240
2025-03-03,Instagram,50s+,Female,19239,815,130919,37,1903339
2025-03-03,Google,20s,Female,13402,716,283231,36,1197957
2025-03-03,Facebook,30s,Male,10269,449,193029,45,313996
2025-03-03,Naver,20s,Male,7710,642,255943,46,447237
2025-03-03,Naver,30s,Male,7141,512,258074,34,982500
2025-03-03,Google,50s+,Female,13317,490,265102,5,683315
2025-03-03,Google,40s,Female,12659,694,217175,28,1195419
2025-03-03,Google,30s,Female,14176,843,134794,37,1712168
2025-03-03,Organic,50s+,Female,13567,960,286495,26,1584639
2025-03-03,Google,30s,Female,11589,627,199866,36,327144
2025-03-03,Organic,40s,Female,9458,275,292912,47,522174
2025-03-03,Google,50s+,Male,8594,742,248594,6,956137
2025-03-03,Naver,50s+,Male,15644,561,275267,37,767130
2025-03-03,Google,40s,Male,14074,917,100235,10,668040
2025-03-03,Organic,20s,Male,8566,710,252849,6,980047
2025-03-03,Naver,20s,Female,13409,155,209006,19,1566838
2025-03-03,Facebook,50s+,Female,8565,630,75898,33,974178
2025-03-03,Naver,30s,Female,16223,448,287001,33,466989
2025-03-03,Naver,40s,Female,9005,568,267909,34,312996
2025-03-03,Instagram,50s+,Female,19256,559,274641,32,798302
2025-03-03,Organic,50s+,Female,10371,917,252203,3,304523
2025-03-03,Google,20s,Female,13787,871,290139,29,1347964
2025-03-03,Google,50s+,Male,9731,623,107915,9,1244370
2025-03-03,Organic,50s+,Male,17389,931,166746,18,637576
2025-03-03,Facebook,40s,Female,5850,585,290895,24,1640302
2025-03-04,Naver,40s,Female,17264,486,180633,22,1364437
2025-03-04,Google,20s,Male,18279,881,214142,19,1742569
2025-03-04,Google,40s,Male,13898,301,186750,25,482019
2025-03-04,Google,20s,Male,12156,234,292657,46,1101686
2025-03-04,Naver,30s,Male,10433,183,183793,10,1733308
2025-03-04,Instagram,40s,Female,6103,115,238973,5,1840900
2025-03-04,Facebook,50s+,Female,11714,648,82945,37,146273
2025-03-04,Google,20s,Female,8424,331,296466,29,1726962
2025-03-04,Facebook,20s,Female,7344,734,144198,23,999739
2025-03-04,Instagram,40s,Male,11323,645,120834,20,1126285
2025-03-04,Google,40s,Male,10773,283,129390,46,684915
2025-03-04,Google,50s+,Female,17844,558,295408,31,1754009
2025-03-04,Google,40s,Female,6174,302,74570,1,370643
2025-03-04,Facebook,50s+,Male,7712,771,241832,19,111125
2025-03-04,Google,40s,Male,13138,750,90601,33,1017663
2025-03-04,Google,30s,Male,14631,578,116119,27,1610275
2025-03-04,Facebook,20s,Female,8339,451,248650,36,887085
2025-03-04,Google,50s+,Male,6433,166,223300,33,112612
2025-03-04,Naver,40s,Female,18634,571,124388,47,828374
2025-03-04,Google,50s+,Female,9884,879,261918,36,923358
2025-03-04,Facebook,50s+,Male,16864,373,226082,26,1998748
2025-03-04,Instagram,30s,Female,14429,592,96609,9,1552867
2025-03-04,Facebook,20s,Female,6502,650,159433,8,425572
2025-03-04,Google,50s+,Female,5479,547,96706,38,274691
2025-03-04,Naver,50s+,Female,5363,536,104907,46,1000789
2025-03-05,Organic,20s,Male,7076,707,183928,39,1730333
2025-03-05,Facebook,20s,Male,5682,568,243372,24,1526400
2025-03-05,Google,40s,Male,12396,901,136011,18,1710840
2025-03-05,Google,40s,Male,6359,614,184388,19,1182673
2025-03-05,Naver,30s,Female,10387,516,226210,44,1563629
2025-03-05,Google,50s+,Female,14212,900,190443,17,1643081
2025-03-05,Instagram,30s,Female,17663,845,171018,10,511636
2025-03-05,Facebook,30s,Male,13346,921,128919,42,1711815
2025-03-05,Facebook,30s,Male,7527,474,180497,19,980450
2025-03-05,Facebook,40s,Female,14434,791,192290,24,1549266
2025-03-05,Instagram,40s,Male,7826,782,244930,36,826339
2025-03-05,Naver,50s+,Male,16586,279,200889,28,1005151
2025-03-05,Organic,40s,Male,14022,526,250149,45,911330
2025-03-05,Google,20s,Male,11421,223,98762,29,374925
2025-03-05,Instagram,50s+,Male,10785,541,168746,36,105641
2025-03-05,Google,30s,Female,8612,560,64487,16,1503654
2025-03-05,Instagram,20s,Female,16077,168,110540,33,648921
2025-03-05,Facebook,30s,Female,16018,893,294529,45,285694
2025-03-05,Facebook,20s,Female,5325,424,282061,14,347941
2025-03-05,Facebook,20s,Male,19265,527,233804,3,1501634
2025-03-05,Naver,50s+,Female,11872,897,297623,23,801545
2025-03-05,Organic,20s,Male,17415,271,125372,16,171246
2025-03-05,Google,30s,Male,5318,332,259907,9,187270
2025-03-05,Facebook,40s,Female,12673,448,249881,14,1787714
2025-03-05,Facebook,20s,Female,16709,944,104779,20,456858
2025-03-05,Naver,30s,Female,5827,582,230978,43,1430104
2025-03-05,Naver,40s,Female,6419,162,141450,16,1557955
2025-03-05,Instagram,50s+,Male,9928,695,150802,19,1898895
2025-03-05,Instagram,50s+,Female,17520,730,168535,16,932304
2025-03-05,Facebook,40s,Female,8073,157,228627,31,1976991
2025-03-06,Google,40s,Female,6516,553,149154,31,413876
2025-03-06,Facebook,40s,Female,16846,465,90309,49,1551354
2025-03-06,Facebook,50s+,Male,8531,853,273056,13,981987
2025-03-06,Instagram,40s,Female,6829,682,281058,1,1626998
2025-03-06,Instagram,20s,Male,9435,749,231208,30,856154
2025-03-06,Naver,50s+,Female,18711,963,167692,36,1041220
2025-03-06,Facebook,20s,Male,14675,918,99646,43,405452
2025-03-06,Google,20s,Male,15579,558,235040,29,303946
2025-03-06,Organic,30s,Male,6406,302,289266,41,1405775
2025-03-06,Google,30s,Female,7808,674,254409,39,564151
2025-03-06,Facebook,50s+,Male,12634,125,227519,22,792626
2025-03-06,Google,40s,Male,7100,700,58317,32,352143
2025-03-06,Naver,50s+,Male,17101,626,233819,27,1069181
2025-03-06,Organic,20s,Female,17009,889,112209,30,405984
2025-03-06,Google,30s,Male,15035,188,161370,5,1933325
2025-03-06,Google,50s+,Female,17258,907,240761,41,944839
2025-03-06,Facebook,40s,Female,13740,752,74380,9,816958
2025-03-06,Facebook,50s+,Male,11786,733,161426,40,1346444
2025-03-06,Google,30s,Female,15049,885,84380,48,1695001
2025-03-06,Instagram,50s+,Female,6817,593,118884,28,970791
2025-03-06,Google,20s,Male,12360,383,239399,41,1700765
2025-03-06,Organic,40s,Male,17263,376,216098,7,1176959
2025-03-06,Facebook,50s+,Female,15561,983,126513,43,826453
2025-03-06,Google,40s,Female,8272,556,285182,46,468715
2025-03-06,Naver,20s,Female,6646,363,141162,33,382911
2025-03-06,Google,30s,Male,6478,389,223575,25,385760
2025-03-06,Naver,20s,Male,15218,605,250909,18,1525002
2025-03-06,Google,50s+,Male,19461,188,178350,31,421085
2025-03-06,Google,20s,Male,10614,455,262384,8,1647671
2025-03-06,Organic,40s,Female,15666,587,62583,22,1081013
2025-03-06,Facebook,30s,Female,13751,865,109788,29,333841
2025-03-06,Facebook,50s+,Female,14560,124,149714,16,1529822
2025-03-06,Instagram,20s,Male,16351,546,174820,10,1273455
2025-03-07,Naver,30s,Female,9260,922,132427,3,638925
2025-03-07,Google,30s,Male,13418,528,153877,11,651111
2025-03-07,Naver,50s+,Male,16166,107,188740,21,881887
2025-03-07,Google,50s+,Female,17324,104,271482,20,1064381
2025-03-07,Facebook,50s+,Male,10716,655,237842,11,1721985
2025-03-07,Google,40s,Female,13775,939,297480,18,981351
2025-03-07,Facebook,40s,Male,7264,482,240954,37,1262236
2025-03-07,Naver,30s,Female,10330,742,131552,6,1573069
2025-03-07,Google,40s,Female,6308,339,115895,29,108415
2025-03-07,Naver,40s,Male,17564,470,238413,43,988736
2025-03-07,Google,20s,Female,10781,589,96235,11,1992840
2025-03-07,Facebook,30s,Male,8200,820,211802,49,278236
2025-03-07,Facebook,20s,Female,13981,405,150713,49,1166472
2025-03-07,Organic,20s,Female,10283,252,216260,4,222953
2025-03-07,Google,50s+,Male,10600,969,59985,29,1751208
2025-03-07,Naver,30s,Male,15584,594,206422,20,929643
2025-03-07,Google,30s,Male,15899,703,204603,41,1926610
2025-03-07,Instagram,30s,Female,7414,741,172786,15,1478191
2025-03-07,Google,20s,Female,16537,143,117494,6,641107
2025-03-07,Facebook,50s+,Male,14698,124,177071,24,1469202
2025-03-07,Naver,20s,Female,18832,251,74201,17,108276
2025-03-07,Google,50s+,Female,13272,743,77615,18,382603
2025-03-07,Organic,30s,Male,15265,646,95298,20,1739573
2025-03-07,Facebook,20s,Male,9861,745,179551,28,175159
2025-03-07,Instagram,50s+,Male,12147,634,146776,45,787318
2025-03-07,Naver,30s,Female,18987,888,134873,28,1700006
2025-03-07,Google,20s,Female,11612,352,299298,15,371608
2025-03-07,Instagram,40s,Female,19930,537,284524,18,1357332
2025-03-07,Facebook,50s+,Male,18726,255,174302,19,1125443
2025-03-08,Google,50s+,Female,9955,783,226140,4,1715194
2025-03-08,Google,30s,Male,17836,115,224627,23,1533749
2025-03-08,Naver,50s+,Female,10508,954,199604,34,439432
2025-03-08,Facebook,50s+,Male,5036,503,275467,27,1190532
2025-03-08,Instagram,20s,Female,19084,205,52681,6,529556
2025-03-08,Google,20s,Male,19555,931,294643,46,1324969
2025-03-08,Facebook,20s,Male,9924,903,55168,22,1658703
2025-03-08,Facebook,40s,Female,19781,868,108273,26,1747081
2025-03-08,Organic,50s+,Female,15739,287,142635,20,1000664
2025-03-08,Naver,40s,Female,9206,182,71645,36,1128153
2025-03-08,Instagram,20s,Male,9491,854,131162,10,616632
2025-03-08,Naver,20s,Male,5911,450,88998,2,1520407
2025-03-08,Naver,40s,Male,5315,531,130346,20,459043
2025-03-08,Google,40s,Female,15255,464,276933,29,535086
2025-03-08,Naver,30s,Male,19081,964,211623,28,1588668
2025-03-08,Google,40s,Female,17318,895,78156,15,1449736
2025-03-08,Facebook,30s,Female,13819,958,204615,34,1306201
2025-03-08,Instagram,30s,Female,15208,777,147125,15,1788058
2025-03-08,Facebook,50s+,Male,9914,513,204333,16,328618
2025-03-08,Google,20s,Female,15196,314,214244,37,145636
2025-03-08,Naver,20s,Male,5133,513,263080,46,1539823
2025-03-08,Naver,20s,Female,14680,197,219350,23,231895
2025-03-08,Facebook,50s+,Female,15755,142,53811,28,528237
2025-03-08,Naver,40s,Male,16418,122,151509,24,481984
2025-03-08,Organic,40s,Male,14588,391,90596,37,1756894
2025-03-08,Google,30s,Female,7279,181,170431,33,1837229
2025-03-08,Google,30s,Male,14356,543,254794,30,1946679
2025-03-08,Naver,40s,Male,17182,780,102968,11,1014835
2025-03-08,Instagram,40s,Male,9268,127,269116,7,1466149
2025-03-08,Facebook,50s+,Female,11256,223,182652,4,928902
2025-03-08,Naver,20s,Male,18977,381,115570,2,1975585
2025-03-09,Google,50s+,Male,12351,677,276207,30,878142
2025-03-09,Facebook,40s,Male,5412,112,60395,22,1334727
2025-03-09,Facebook,30s,Male,5958,595,120973,11,1764399
2025-03-09,Naver,20s,Female,5471,349,264882,20,1527168
2025-03-09,Google,30s,Female,14427,442,91233,10,1387145
2025-03-09,Facebook,30s,Female,12141,719,120070,34,1658484
2025-03-09,Facebook,20s,Female,12669,541,152701,30,1598038
2025-03-09,Organic,20s,Female,8109,398,265265,14,140036
2025-03-09,Facebook,20s,Female,5249,299,227290,41,1043495
2025-03-09,Google,40s,Male,17887,323,232140,16,1781092
2025-03-09,Organic,20s,Female,8774,509,200186,38,1370858
2025-03-09,Facebook,40s,Male,16817,816,278091,8,163482
2025-03-09,Naver,40s,Male,15384,286,146720,47,1479424
2025-03-09,Naver,50s+,Female,5128,512,70468,38,1744889
2025-03-09,Google,30s,Female,18378,579,150339,45,772348
2025-03-09,Facebook,40s,Female,17646,353,267974,4,969356
2025-03-09,Naver,40s,Female,7204,720,117503,33,1646524
2025-03-09,Naver,30s,Female,5326,334,145349,37,1611009
2025-03-09,Facebook,40s,Female,11034,200,238653,38,737425
2025-03-09,Facebook,50s+,Female,14595,718,91523,1,829006
2025-03-09,Naver,20s,Female,12267,881,253784,8,805615
2025-03-09,Naver,50s+,Male,16100,644,236655,39,985985
2025-03-09,Google,20s,Male,10699,260,163614,8,1969108
2025-03-09,Naver,50s+,Female,18464,534,189527,22,203499
2025-03-09,Naver,50s+,Female,18692,956,113505,31,1084541
2025-03-09,Facebook,40s,Male,17306,428,234296,37,1141009
2025-03-09,Facebook,30s,Male,13297,163,206643,30,1014748
2025-03-09,Facebook,30s,Female,11818,424,222662,22,388798
2025-03-09,Naver,50s+,Female,15319,314,240937,37,1637686
2025-03-09,Facebook,30s,Male,10416,793,91262,44,1011653
2025-03-09,Facebook,40s,Male,14778,783,60915,32,807318
2025-03-09,Google,30s,Female,5572,201,290286,2,1461384
2025-03-09,Facebook,40s,Female,16310,611,252881,26,1838157
2025-03-09,Google,50s+,Female,14545,124,236644,24,500513
2025-03-09,Naver,50s+,Male,15571,171,221459,22,645657
2025-03-09,Naver,20s,Female,17061,776,242429,21,861955
2025-03-10,Facebook,20s,Female,14889,553,208811,48,1077644
2025-03-10,Google,20s,Female,16099,740,196974,49,1519386
2025-03-10,Google,40s,Female,16337,154,64110,30,546906
2025-03-10,Naver,40s,Female,8317,599,157424,40,1947552
2025-03-10,Instagram,30s,Male,10427,363,245825,28,1795748
2025-03-10,Google,20s,Female,13438,134,239456,16,651128
2025-03-10,Instagram,40s,Female,5999,599,118496,12,1890436
2025-03-10,Instagram,50s+,Male,15355,265,291415,38,1476655
2025-03-10,Facebook,30s,Female,5766,576,50587,12,1089535
2025-03-10,Google,20s,Female,11316,227,116207,29,974147
2025-03-10,Naver,40s,Male,6570,657,88364,12,951116
2025-03-10,Facebook,30s,Male,19980,850,170775,44,1655447
2025-03-10,Naver,30s,Female,17156,491,152733,26,962064
2025-03-10,Naver,20s,Male,9243,924,248683,30,855797
2025-03-10,Naver,30s,Female,19755,795,67765,11,1758768
2025-03-10,Facebook,30s,Female,5344,534,230442,35,453509
2025-03-10,Facebook,20s,Male,18154,769,272320,41,1356459
2025-03-10,Google,30s,Male,13410,196,243206,2,1336444
2025-03-10,Naver,50s+,Male,14175,150,171141,30,1771713
2025-03-10,Google,50s+,Female,7532,591,241297,3,468429
2025-03-10,Organic,20s,Female,12670,329,271212,22,1684836
2025-03-10,Google,50s+,Female,11629,949,248444,47,1151299
2025-03-10,Google,30s,Male,5814,419,236969,49,1269647
2025-03-10,Facebook,30s,Male,14959,611,155069,44,1853179
2025-03-10,Google,40s,Male,10013,411,192092,45,1516505
2025-03-10,Facebook,30s,Female,16998,139,195019,27,1670458
2025-03-10,Facebook,50s+,Male,8852,539,71337,9,1000844
2025-03-10,Naver,20s,Female,11549,279,240238,2,1646887
2025-03-10,Google,20s,Male,18710,674,182590,6,194674
2025-03-10,Organic,40s,Male,11265,193,87836,17,1836357
2025-03-10,Google,20s,Male,13870,932,179206,39,1805083
2025-03-11,Facebook,40s,Female,12966,258,172697,10,333413
2025-03-11,Naver,50s+,Male,19592,455,271486,23,821082
2025-03-11,Organic,50s+,Male,15956,894,124873,8,1784847
2025-03-11,Google,40s,Female,18851,114,85115,20,150711
2025-03-11,Facebook,50s+,Female,17970,305,190667,28,110537
2025-03-11,Google,50s+,Male,19059,123,77374,24,1903601
2025-03-11,Google,20s,Female,17089,887,247062,11,924398
2025-03-11,Naver,50s+,Female,9448,246,100246,48,1352879
2025-03-11,Google,20s,Female,5695,107,56814,21,396073
2025-03-11,Google,30s,Male,14832,177,242695,8,797780
2025-03-11,Google,20s,Female,15645,957,90132,23,1170772
2025-03-11,Google,30s,Female,19352,280,113352,5,1499825
2025-03-11,Google,50s+,Male,14585,751,99965,18,1252559
2025-03-11,Naver,50s+,Male,15973,563,270419,38,1526603
2025-03-11,Organic,20s,Female,11178,929,201998,10,1506917
2025-03-11,Google,40s,Male,19152,904,155993,37,245175
2025-03-11,Google,50s+,Male,18312,957,71806,30,148211
2025-03-12,Google,30s,Female,14437,909,287484,11,660030
2025-03-12,Google,50s+,Female,7071,707,59627,48,1404611
2025-03-12,Facebook,20s,Male,19738,248,197648,21,231080
2025-03-12,Facebook,40s,Male,19141,467,217339,18,1135617
2025-03-12,Instagram,30s,Male,5403,540,56814,6,551624
2025-03-12,Facebook,30s,Female,15581,211,188064,42,756118
2025-03-12,Organic,30s,Female,19892,101,72966,20,1071490
2025-03-12,Facebook,20s,Male,13052,845,217268,15,1922698
2025-03-12,Naver,50s+,Female,5627,382,181545,17,1668075
2025-03-12,Facebook,20s,Male,12799,911,187429,6,1694046
2025-03-12,Facebook,50s+,Female,7518,344,65745,39,1526138
2025-03-12,Facebook,30s,Female,8362,483,154388,26,994802
2025-03-12,Facebook,50s+,Female,19546,571,80748,44,338432
2025-03-12,Facebook,40s,Female,14947,207,199212,38,423712
2025-03-12,Instagram,50s+,Female,19154,978,64815,45,379046
2025-03-12,Google,50s+,Male,14359,676,238518,23,244268
2025-03-12,Naver,50s+,Male,15347,362,248235,40,404020
2025-03-12,Instagram,50s+,Male,6647,546,148790,49,1300163
2025-03-12,Naver,50s+,Male,15673,360,109692,32,1200648
2025-03-12,Organic,20s,Female,10663,444,100287,33,654648
2025-03-12,Naver,20s,Male,16642,587,266655,19,1041737
2025-03-12,Instagram,40s,Female,17345,862,93873,3,833974
2025-03-12,Facebook,40s,Male,18037,124,100414,24,1562077
2025-03-12,Facebook,50s+,Male,18062,817,185190,44,1139737
2025-03-12,Facebook,40s,Male,19035,992,242966,14,1751477
2025-03-12,Google,30s,Female,16277,908,87975,27,1498933
2025-03-12,Google,40s,Male,9474,158,294307,10,496720
2025-03-13,Facebook,20s,Male,19403,666,241570,19,1058176
2025-03-13,Google,40s,Male,18961,465,84240,19,519281
2025-03-13,Google,20s,Male,8969,678,206441,32,1419749
2025-03-13,Instagram,50s+,Female,13149,923,87958,18,1271392
2025-03-13,Google,20s,Female,8084,405,280131,18,1871776
2025-03-13,Facebook,30s,Male,6596,591,287554,20,1678987
2025-03-13,Google,40s,Male,17603,258,148575,4,193146
2025-03-13,Instagram,20s,Female,19557,430,295150,45,366005
2025-03-13,Facebook,40s,Male,16118,750,58513,40,1700984
2025-03-13,Organic,40s,Male,7252,672,228455,2,1569236
2025-03-13,Facebook,30s,Female,14960,607,199608,10,1898609
2025-03-13,Google,40s,Female,13310,260,132462,38,1387340
2025-03-13,Instagram,30s,Male,12245,965,114032,10,277604
2025-03-13,Facebook,50s+,Female,13033,997,197673,46,1028882
2025-03-13,Naver,20s,Female,7279,390,151359,40,1943461
2025-03-13,Google,50s+,Male,5067,506,282815,16,1237278
2025-03-13,Facebook,30s,Male,16992,486,241927,36,1206320
2025-03-13,Naver,40s,Male,15727,457,71185,23,1093712
2025-03-13,Facebook,50s+,Male,16480,904,229730,8,1437504
2025-03-13,Facebook,50s+,Female,11589,642,273168,39,1107789
2025-03-13,Facebook,50s+,Female,13317,233,173767,18,1075237
2025-03-13,Instagram,50s+,Female,10541,617,71876,30,749647
2025-03-13,Naver,30s,Male,15016,892,250840,18,1482995
2025-03-13,Facebook,50s+,Male,15415,666,181677,43,358641
2025-03-13,Google,20s,Female,18936,961,269582,21,1373310
2025-03-14,Naver,20s,Female,8411,294,246610,12,140494
2025-03-14,Facebook,20s,Male,12361,489,270938,28,1627686
2025-03-14,Facebook,20s,Female,11367,799,134425,7,380786
2025-03-14,Naver,30s,Female,16697,254,213963,36,717560
2025-03-14,Facebook,50s+,Female,9687,926,224689,44,921527
2025-03-14,Instagram,30s,Female,16587,253,169161,5,147624
2025-03-14,Facebook,20s,Female,13311,553,116052,22,250873
2025-03-14,Instagram,50s+,Male,14916,381,226849,6,613810
2025-03-14,Naver,50s+,Male,11706,395,164532,33,1275533
2025-03-14,Naver,40s,Female,7725,595,293213,3,1457889
2025-03-14,Instagram,50s+,Male,5878,587,183883,12,1695608
2025-03-14,Google,30s,Male,9867,457,137506,36,353206
2025-03-14,Instagram,50s+,Female,10636,508,227555,11,1749787
2025-03-14,Instagram,50s+,Female,19867,842,120365,24,823551
2025-03-14,Google,50s+,Female,19942,355,136955,18,152430
2025-03-14,Facebook,40s,Male,16543,995,163490,16,710202
2025-03-14,Organic,40s,Female,5239,501,89786,9,1306290
2025-03-14,Google,30s,Female,13642,965,124629,43,1852330
2025-03-14,Google,50s+,Female,9937,254,207379,16,1200745
2025-03-14,Facebook,40s,Female,10912,399,253896,23,1261952
2025-03-14,Google,30s,Female,7722,759,217019,45,761238
2025-03-14,Google,50s+,Male,7067,706,295114,32,547046
2025-03-14,Facebook,40s,Male,10274,527,242841,45,1227122
2025-03-14,Google,50s+,Female,16583,710,250328,12,124766
2025-03-14,Instagram,50s+,Female,15438,341,204988,47,504629
2025-03-14,Instagram,30s,Male,14040,594,164563,33,684016
2025-03-14,Organic,50s+,Female,11347,396,280658,36,1112342
2025-03-14,Google,20s,Female,18829,880,255032,41,1345799
2025-03-14,Instagram,30s,Female,9192,893,195972,16,707659
2025-03-14,Naver,50s+,Female,8997,899,261894,40,651825
2025-03-14,Google,50s+,Female,6221,481,254432,39,457658
2025-03-14,Organic,50s+,Male,10355,938,243869,8,1761633
2025-03-14,Facebook,50s+,Female,5238,523,86633,31,847197
2025-03-14,Google,40s,Male,14306,770,118166,37,132865
2025-03-15,Naver,30s,Female,17589,335,294396,9,1163971
2025-03-15,Facebook,30s,Male,12033,579,202408,27,1749257
2025-03-15,Facebook,50s+,Female,19589,411,161156,42,1888873
2025-03-15,Facebook,40s,Female,13446,415,84136,15,359167
2025-03-15,Organic,30s,Male,16269,789,123856,25,1338921
2025-03-15,Naver,50s+,Male,14494,980,170525,26,365459
2025-03-15,Facebook,30s,Female,12326,111,267809,22,1766654
2025-03-15,Instagram,50s+,Male,17914,239,165344,19,1028170
2025-03-15,Naver,50s+,Female,10584,735,297646,12,1167837
2025-03-15,Google,50s+,Male,5501,550,86447,25,1254818
2025-03-15,Facebook,40s,Male,9568,730,165086,37,564104
2025-03-15,Facebook,40s,Female,8796,206,220957,26,1923691
2025-03-15,Google,20s,Male,10885,963,290357,22,1904588
2025-03-15,Facebook,20s,Male,14835,185,193709,37,1497608
2025-03-15,Naver,40s,Male,9068,906,116811,44,254208
2025-03-15,Organic,30s,Female,7610,610,177186,29,672012
2025-03-15,Naver,50s+,Female,5285,253,108507,32,1906602
2025-03-15,Facebook,30s,Female,8969,676,265562,2,498055
2025-03-15,Google,50s+,Female,15501,416,57766,3,1349188
2025-03-15,Organic,40s,Male,12251,472,111499,10,1692081
2025-03-15,Google,30s,Male,12212,448,75613,1,845853
2025-03-15,Google,50s+,Male,19404,784,206054,7,470768
2025-03-15,Facebook,50s+,Female,7371,737,54449,41,687636
2025-03-15,Facebook,30s,Female,7205,720,227239,35,1047936
2025-03-15,Instagram,20s,Male,10944,622,115471,28,302353
2025-03-15,Facebook,30s,Female,5273,527,133952,35,1769270
2025-03-15,Google,20s,Male,9929,382,170943,3,1600476
2025-03-15,Naver,30s,Female,9389,333,153127,38,706452
2025-03-16,Google,50s+,Male,12042,381,93941,2,290685
2025-03-16,Google,40s,Male,19265,425,225881,28,169050
2025-03-16,Facebook,50s+,Female,19635,336,152076,49,770577
2025-03-16,Google,50s+,Female,17210,111,272832,22,439970
2025-03-16,Google,30s,Male,9427,325,93444,10,154094
2025-03-16,Facebook,30s,Female,9688,537,278134,11,1338349
2025-03-16,Naver,40s,Female,7967,796,52031,38,1874821
2025-03-16,Organic,50s+,Male,14192,363,61758,34,1809028
2025-03-16,Google,50s+,Male,9319,570,279891,9,1310610
2025-03-16,Facebook,50s+,Male,9941,827,93287,39,1977095
2025-03-16,Instagram,30s,Male,8731,450,150513,30,1232778
2025-03-16,Naver,40s,Male,17629,227,221069,44,1652557
2025-03-16,Facebook,20s,Female,15164,221,178565,26,552202
2025-03-16,Facebook,50s+,Female,9408,344,52354,32,1045610
2025-03-16,Facebook,20s,Male,15677,453,251005,15,1989114
2025-03-16,Google,40s,Male,5538,248,277333,29,589135
2025-03-16,Google,40s,Male,10591,340,90439,22,520077
2025-03-17,Google,50s+,Male,5065,104,245473,17,549497
2025-03-17,Facebook,50s+,Female,10399,642,202746,47,464943
2025-03-17,Organic,20s,Male,9390,810,101795,48,887201
2025-03-17,Instagram,20s,Female,18097,366,130820,45,1520299
2025-03-17,Facebook,50s+,Male,10103,348,224580,23,1600418
2025-03-17,Facebook,20s,Female,12817,707,275366,10,1449113
2025-03-17,Google,40s,Female,12588,771,216511,15,1848740
2025-03-17,Facebook,40s,Male,14164,790,74099,34,1163411
2025-03-17,Naver,20s,Male,13627,289,94142,1,645833
2025-03-17,Facebook,40s,Female,16550,587,231623,21,847569
2025-03-17,Facebook,50s+,Male,9190,310,181116,37,1048827
2025-03-17,Naver,40s,Male,14227,202,180464,13,354973
2025-03-17,Instagram,20s,Female,6268,626,273897,5,836170
2025-03-17,Naver,50s+,Female,10781,316,275782,35,190422
2025-03-17,Instagram,20s,Male,6650,174,265593,34,461507
2025-03-17,Facebook,20s,Male,10747,278,227132,31,1246132
2025-03-17,Google,50s+,Male,15488,799,107255,18,200632
2025-03-17,Facebook,50s+,Male,17536,117,164240,23,1192645
2025-03-17,Google,20s,Female,11105,551,139888,40,1797383
2025-03-17,Google,30s,Female,5764,576,164764,34,650130
2025-03-17,Facebook,30s,Female,6370,331,177935,3,1578672
2025-03-17,Naver,30s,Female,10049,759,172244,11,1275306
2025-03-17,Organic,20s,Female,14973,911,241017,35,293568
2025-03-18,Instagram,30s,Female,15002,204,289336,8,637495
2025-03-18,Instagram,30s,Male,18984,441,275434,11,626348
2025-03-18,Organic,50s+,Male,17960,281,123857,10,1405625
2025-03-18,Organic,30s,Male,9793,319,201277,5,562541
2025-03-18,Google,40s,Male,15497,932,90728,47,171095
2025-03-18,Facebook,20s,Male,18809,984,184473,42,1843703
2025-03-18,Naver,50s+,Male,7075,707,155487,26,190924
2025-03-18,Naver,40s,Female,5853,585,274683,48,1851032
2025-03-18,Google,40s,Female,15244,344,83097,23,1911923
2025-03-18,Naver,50s+,Male,14933,984,145536,38,1933888
2025-03-18,Google,40s,Female,11826,113,200268,10,288129
2025-03-18,Organic,30s,Female,12640,147,63159,20,1419284
2025-03-18,Google,20s,Male,15526,892,230973,49,830369
2025-03-18,Facebook,30s,Male,5560,556,257471,32,1643951
2025-03-18,Facebook,50s+,Male,15911,803,282724,27,151755
2025-03-18,Facebook,50s+,Female,12813,638,249066,33,563590
2025-03-18,Google,20s,Male,17525,846,80875,44,928043
2025-03-18,Google,30s,Male,13986,591,277739,13,1530568
2025-03-18,Facebook,30s,Male,11023,758,210840,9,1217118
2025-03-18,Facebook,50s+,Female,5385,538,144321,42,1285447
2025-03-18,Facebook,20s,Male,10665,663,143239,28,102885
2025-03-18,Google,40s,Female,7565,706,62160,6,139317
2025-03-18,Organic,40s,Female,15360,629,128534,4,1523957
2025-03-18,Google,30s,Male,14439,262,124719,17,288076
2025-03-18,Facebook,30s,Female,19542,969,287491,38,1947332
2025-03-18,Naver,30s,Female,11368,921,282845,14,537191
2025-03-18,Facebook,40s,Female,14689,395,54915,41,609536
2025-03-19,Facebook,50s+,Male,9542,159,251141,28,1940105
2025-03-19,Google,40s,Male,8341,160,61507,23,1137333
2025-03-19,Instagram,30s,Female,8768,244,244398,43,930630
2025-03-19,Facebook,50s+,Male,7848,585,225829,43,501931
2025-03-19,Facebook,40s,Male,18931,379,217846,3,1217465
2025-03-19,Naver,30s,Female,18171,753,65415,3,198745
2025-03-19,Facebook,30s,Female,11207,224,79335,2,516796
2025-03-19,Google,40s,Female,16884,671,230111,10,1752840
2025-03-19,Instagram,20s,Male,7473,390,71500,21,864372
2025-03-19,Google,30s,Female,19613,698,229325,37,876657
2025-03-19,Facebook,30s,Female,11250,913,244296,18,1125967
2025-03-19,Google,20s,Female,16918,124,136836,19,1212509
2025-03-19,Instagram,20s,Female,6056,605,245796,28,1413421
2025-03-19,Naver,40s,Female,5970,597,114601,37,518236
2025-03-19,Facebook,40s,Female,10683,406,116490,6,1064567
2025-03-19,Instagram,20s,Male,14495,577,197767,42,1340062
2025-03-19,Naver,50s+,Male,8082,718,147042,16,253371
2025-03-19,Naver,50s+,Male,6168,616,107045,37,1844348
2025-03-19,Facebook,40s,Female,18386,319,154672,38,1638434
2025-03-19,Google,20s,Female,13965,632,289289,23,1935768
2025-03-19,Facebook,50s+,Male,18795,863,271177,6,1821148
2025-03-20,Organic,50s+,Male,8758,875,116632,1,1435628
2025-03-20,Instagram,30s,Female,17087,761,260511,15,720808
2025-03-20,Google,40s,Female,5305,530,299178,34,1229622
2025-03-20,Organic,50s+,Male,8721,182,106657,36,970668
2025-03-20,Naver,20s,Male,10976,652,111415,20,931487
2025-03-20,Google,20s,Male,16619,685,284627,11,585837
2025-03-20,Google,20s,Male,9011,572,146844,29,348853
2025-03-20,Facebook,20s,Male,12462,536,102954,15,414490
2025-03-20,Instagram,40s,Male,8869,147,243232,23,232671
2025-03-20,Naver,40s,Male,12513,132,236318,26,289195
2025-03-20,Organic,50s+,Male,11552,323,110313,3,1790691
2025-03-20,Google,20s,Male,16693,476,55463,34,1686218
2025-03-20,Naver,40s,Male,11799,974,233676,24,1088260
2025-03-20,Google,40s,Female,19571,898,56744,30,1262333
2025-03-20,Naver,30s,Female,11982,570,258267,8,1092763
2025-03-20,Facebook,30s,Male,16607,771,202727,2,586401
2025-03-20,Google,30s,Male,11029,731,77874,36,651169
2025-03-20,Instagram,40s,Male,8364,836,189943,18,330633
2025-03-20,Facebook,50s+,Male,12560,337,255139,40,1557618
2025-03-20,Google,50s+,Female,8655,281,260904,32,835660
2025-03-20,Facebook,40s,Male,7746,510,87088,22,133095
2025-03-20,Organic,40s,Male,6208,598,58276,22,1331302
2025-03-21,Google,40s,Male,13338,720,263951,5,873755
2025-03-21,Facebook,30s,Male,19339,335,135461,33,1350121
2025-03-21,Instagram,20s,Male,12411,922,275369,49,470851
2025-03-21,Organic,50s+,Male,7311,303,250758,28,1529140
2025-03-21,Naver,30s,Female,17306,857,83834,41,1560737
2025-03-21,Google,30s,Male,18697,490,77116,42,143494
2025-03-21,Google,50s+,Male,9557,275,82408,31,555256
2025-03-21,Facebook,40s,Female,15709,586,283296,33,1073747
2025-03-21,Organic,30s,Male,19756,591,252300,46,1445088
2025-03-21,Naver,50s+,Male,14688,445,253640,23,1834531
2025-03-21,Facebook,20s,Female,7129,712,178001,44,1543161
2025-03-21,Facebook,40s,Male,6753,675,174913,49,314008
2025-03-21,Organic,30s,Female,16872,877,97278,48,192640
2025-03-21,Google,50s+,Female,11643,547,267041,37,1146993
2025-03-21,Instagram,20s,Female,13817,548,173482,24,1547333
2025-03-21,Facebook,40s,Male,5681,345,102500,4,219780
2025-03-21,Facebook,40s,Male,19408,974,68934,17,1931571
2025-03-21,Facebook,30s,Male,14109,229,140061,32,313616
2025-03-21,Google,40s,Female,8848,581,111455,18,485988
2025-03-21,Facebook,30s,Female,17117,933,65409,17,265734
2025-03-21,Facebook,50s+,Female,14119,646,150255,39,1176487
2025-03-21,Facebook,50s+,Female,10704,575,130581,31,1629855
2025-03-21,Instagram,20s,Female,19848,492,176849,16,1465475
2025-03-21,Naver,50s+,Male,19081,548,269757,34,1610198
2025-03-21,Naver,30s,Female,19861,954,248978,17,1680083
2025-03-21,Google,40s,Female,11690,999,259394,46,335401
2025-03-21,Naver,30s,Male,8261,826,250319,35,1844762
2025-03-21,Google,40s,Male,7871,185,111561,25,649675
2025-03-21,Instagram,30s,Male,14183,830,262730,43,818575
2025-03-21,Facebook,40s,Female,7753,696,100629,11,577071
2025-03-21,Organic,30s,Female,18895,472,116098,34,1763718
2025-03-21,Facebook,20s,Male,13720,357,165365,17,1044550
2025-03-22,Instagram,40s,Male,13259,285,162078,19,1146505
2025-03-22,Naver,40s,Female,15073,327,243039,17,1659279
2025-03-22,Facebook,40s,Male,8925,599,63847,44,908647
2025-03-22,Organic,20s,Male,19411,299,149320,47,982137
2025-03-22,Facebook,40s,Female,19351,473,115971,34,1888966
2025-03-22,Facebook,50s+,Male,17537,274,248251,42,211383
2025-03-22,Google,50s+,Male,14143,343,150909,1,1459383
2025-03-22,Naver,50s+,Male,13066,883,129579,9,390901
2025-03-22,Naver,30s,Female,18544,343,200254,41,258986
2025-03-22,Google,40s,Female,18799,848,91709,12,661094
2025-03-22,Facebook,30s,Male,15026,403,280751,24,935854
2025-03-22,Organic,30s,Male,5755,575,255739,16,1454168
2025-03-22,Google,40s,Female,5716,571,54013,36,606026
2025-03-22,Organic,30s,Male,19311,664,110836,25,548050
2025-03-22,Naver,30s,Female,16846,754,208557,46,1108436
2025-03-22,Facebook,20s,Male,10917,191,105563,38,1144972
2025-03-22,Naver,20s,Female,7690,769,290010,1,1285785
2025-03-22,Google,50s+,Male,5637,563,286365,15,743012
2025-03-22,Organic,50s+,Male,12390,989,176027,16,993430
2025-03-22,Instagram,20s,Female,13595,556,293046,31,1978968
2025-03-22,Facebook,50s+,Female,8906,422,212543,34,1312827
2025-03-22,Google,30s,Female,15842,741,105916,37,230057
2025-03-22,Naver,20s,Male,7148,713,285817,36,608068
2025-03-22,Organic,20s,Male,12438,962,83861,32,1397224
2025-03-22,Organic,30s,Female,7974,714,70929,40,447952
2025-03-22,Instagram,40s,Male,17737,449,80571,41,715335
2025-03-23,Organic,30s,Female,7639,664,178098,18,1639842
2025-03-23,Google,40s,Male,5706,570,208582,40,1735008
2025-03-23,Facebook,40s,Male,10716,833,216703,4,1000474
2025-03-23,Naver,20s,Male,16836,913,101653,38,1496657
2025-03-23,Instagram,40s,Female,9085,908,236855,48,212909
2025-03-23,Google,50s+,Female,12524,907,246834,28,668928
2025-03-23,Instagram,20s,Female,8675,574,237386,32,1791486
2025-03-23,Facebook,50s+,Female,10042,206,290935,11,1305730
2025-03-23,Facebook,40s,Female,9426,663,99610,14,1579598
2025-03-23,Google,20s,Male,18981,499,84518,40,814400
2025-03-23,Google,50s+,Female,8785,856,73691,19,399782
2025-03-23,Google,40s,Male,16305,296,242253,11,1600862
2025-03-23,Google,20s,Male,5068,506,89059,45,544869
2025-03-23,Naver,50s+,Female,15141,659,124780,32,1897008
2025-03-23,Google,30s,Male,12885,110,216123,22,748269
2025-03-23,Facebook,50s+,Male,8028,675,96080,8,161289
2025-03-23,Facebook,30s,Male,14430,850,221971,17,309261
2025-03-23,Facebook,50s+,Female,18254,665,198164,45,1318367
2025-03-23,Google,40s,Male,16097,188,226161,10,1916550
2025-03-23,Google,40s,Female,17648,568,277399,45,225962
2025-03-23,Google,30s,Female,17266,434,119211,28,1535994
2025-03-23,Facebook,40s,Female,17305,825,84380,32,1533358
2025-03-24,Naver,30s,Female,5574,221,277915,26,786108
2025-03-24,Naver,50s+,Female,19376,271,219977,31,619844
2025-03-24,Naver,40s,Male,8195,326,186606,41,435436
2025-03-24,Google,30s,Female,10851,371,135895,10,649976
2025-03-24,Facebook,20s,Female,11690,917,63219,19,551909
2025-03-24,Google,30s,Male,15503,397,100612,18,261014
2025-03-24,Facebook,50s+,Female,19032,724,224424,7,1807165
2025-03-24,Naver,40s,Female,7862,786,231490,44,1318925
2025-03-24,Facebook,50s+,Male,9325,932,65128,48,1163024
2025-03-24,Google,50s+,Female,17367,418,273642,20,1561829
2025-03-24,Naver,20s,Female,13128,734,203584,14,209282
2025-03-24,Instagram,20s,Male,15283,790,152496,22,1141241
2025-03-24,Facebook,30s,Male,6644,308,162884,40,1819027
2025-03-24,Google,40s,Female,11529,504,258641,41,188949
2025-03-24,Facebook,30s,Male,14243,510,141553,43,292959
2025-03-24,Organic,20s,Female,12515,257,62823,11,1121208
2025-03-24,Instagram,50s+,Female,12305,925,173176,9,662694
2025-03-24,Google,30s,Female,15364,511,115987,48,303130
2025-03-24,Google,30s,Male,17521,898,214651,27,1728786
2025-03-24,Google,30s,Female,7660,535,247783,25,1458830
2025-03-24,Google,40s,Female,6992,158,99418,31,602312
2025-03-24,Facebook,50s+,Female,13762,798,104367,42,1412738
2025-03-24,Instagram,40s,Male,11593,133,75517,26,1193860
2025-03-24,Naver,20s,Male,17095,931,282640,1,1753150
2025-03-24,Organic,30s,Male,10187,924,175064,28,1441963
2025-03-24,Instagram,40s,Male,14034,775,288094,28,1534662
2025-03-24,Facebook,50s+,Male,13183,718,162837,24,1414456
2025-03-25,Facebook,40s,Male,8653,865,83356,16,954147
2025-03-25,Naver,20s,Female,9464,597,299654,20,1993558
2025-03-25,Google,50s+,Female,9121,345,262976,47,1007575
2025-03-25,Google,50s+,Male,8453,845,133804,20,1124213
2025-03-25,Instagram,20s,Male,6977,196,210987,39,1447737
2025-03-25,Google,20s,Female,13940,298,193482,12,1520626
2025-03-25,Instagram,30s,Male,17337,463,182163,19,595127
2025-03-25,Organic,40s,Male,11144,732,98253,13,354328
2025-03-25,Facebook,40s,Female,17532,173,203208,4,819412
2025-03-25,Naver,20s,Female,7021,269,176399,10,730746
2025-03-25,Organic,30s,Female,5614,346,240321,30,213727
2025-03-25,Google,50s+,Male,13569,987,103793,26,412088
2025-03-25,Naver,30s,Male,11686,220,87841,16,187058
2025-03-25,Google,30s,Female,19385,104,75138,15,944626
2025-03-25,Naver,20s,Male,17796,532,57003,10,1886897
2025-03-25,Facebook,50s+,Female,6811,493,113703,6,642978
2025-03-25,Facebook,20s,Female,13111,998,178629,24,1657234
2025-03-25,Google,20s,Female,13696,450,129639,38,989895
2025-03-25,Google,50s+,Female,14245,405,211604,24,1953765
2025-03-25,Google,50s+,Male,8222,441,95650,1,1271663
2025-03-25,Naver,30s,Female,6133,291,52883,44,1646246
2025-03-25,Naver,40s,Male,17162,428,269257,12,1431763
2025-03-25,Instagram,40s,Female,16480,912,224570,49,1802153
2025-03-26,Naver,30s,Male,17569,689,79630,25,1786154
2025-03-26,Naver,30s,Female,6827,682,67155,42,617438
2025-03-26,Facebook,20s,Female,11445,764,64459,17,1443095
2025-03-26,Instagram,50s+,Male,5933,185,145087,37,598767
2025-03-26,Naver,50s+,Female,12554,989,288630,44,1054389
2025-03-26,Google,20s,Male,17040,297,97475,43,1538775
2025-03-26,Google,50s+,Female,17766,679,189703,23,1872500
2025-03-26,Google,30s,Female,16920,123,116077,14,1929332
2025-03-26,Naver,20s,Male,14186,950,239665,15,1637370
2025-03-26,Facebook,30s,Female,15090,530,59690,1,576700
2025-03-26,Naver,30s,Female,8733,469,206827,47,1812657
2025-03-26,Naver,30s,Female,9914,783,193761,1,504514
2025-03-26,Organic,40s,Male,17377,141,257993,1,1571929
2025-03-26,Google,40s,Female,8695,108,245063,16,901188
2025-03-26,Google,20s,Male,12111,343,219694,5,614101
2025-03-26,Google,30s,Male,11187,474,256508,49,963815
2025-03-26,Facebook,30s,Female,11159,444,178588,18,1293223
2025-03-26,Google,20s,Male,18612,590,297354,11,1681460
2025-03-26,Organic,30s,Male,14781,234,268654,46,190044
2025-03-26,Google,50s+,Female,17993,973,152904,19,1401554
2025-03-26,Facebook,50s+,Female,11309,139,81318,27,375237
2025-03-26,Google,40s,Female,19494,601,267866,33,1900453
2025-03-26,Google,20s,Female,12246,526,266427,18,1144153
2025-03-26,Google,30s,Male,12022,481,270920,24,1309536
2025-03-26,Instagram,50s+,Female,9555,589,228659,23,1738907
2025-03-26,Facebook,20s,Female,7245,588,88714,44,1887010
2025-03-26,Naver,20s,Male,17441,581,178286,47,157387
2025-03-26,Naver,30s,Male,15920,449,108330,32,708065
2025-03-26,Organic,50s+,Female,16488,284,52534,34,1299504
2025-03-26,Google,20s,Female,15605,809,139593,39,1092903
2025-03-26,Google,40s,Male,8141,814,150436,17,542617
2025-03-26,Facebook,50s+,Male,6712,418,67404,36,983891
2025-03-26,Facebook,50s+,Male,13591,209,124311,30,1514395
2025-03-26,Facebook,30s,Female,6068,350,130787,28,1719729
2025-03-27,Facebook,30s,Female,12275,408,67124,14,1437690
2025-03-27,Facebook,30s,Male,12838,887,249402,8,1060113
2025-03-27,Google,50s+,Female,15433,824,241053,48,675659
2025-03-27,Facebook,30s,Female,8941,103,164848,20,472976
2025-03-27,Naver,20s,Male,12001,364,139224,17,168023
2025-03-27,Instagram,40s,Male,8215,821,122434,36,1747537
2025-03-27,Google,50s+,Female,5751,575,146889,5,965427
2025-03-27,Naver,20s,Male,8807,163,216012,32,1364332
2025-03-27,Google,50s+,Male,16687,634,196494,4,1581040
2025-03-27,Google,20s,Female,12186,406,256461,29,722081
2025-03-27,Facebook,40s,Female,11268,872,61389,39,1185536
2025-03-27,Facebook,30s,Male,8806,522,263913,14,870914
2025-03-27,Facebook,50s+,Male,17223,522,66363,14,1845182
2025-03-27,Facebook,20s,Female,14993,241,237526,3,1212333
2025-03-27,Facebook,40s,Female,18831,828,118186,9,473112
2025-03-27,Naver,50s+,Female,17656,634,115101,27,309671
2025-03-27,Google,50s+,Female,12173,914,295928,2,1997147
2025-03-27,Google,20s,Male,18955,417,244526,29,380889
2025-03-27,Instagram,40s,Male,5861,287,122349,46,1615782
2025-03-27,Facebook,50s+,Female,5927,592,104869,33,1458484
2025-03-27,Facebook,40s,Male,13478,145,204028,22,1744435
2025-03-27,Google,50s+,Female,5212,521,245638,21,573442
2025-03-27,Google,50s+,Female,15261,102,179763,20,245991
2025-03-27,Naver,50s+,Male,5839,275,203464,31,907361
2025-03-27,Google,30s,Female,12787,452,179049,47,1795118
2025-03-27,Google,40s,Male,6657,184,77140,29,1413118
2025-03-27,Google,40s,Female,7093,531,291110,17,1358451
2025-03-27,Organic,30s,Male,15409,797,195506,20,1330863
2025-03-27,Naver,30s,Male,8200,571,292521,2,1145962
2025-03-27,Instagram,30s,Female,6503,650,243156,26,1230124
2025-03-27,Naver,50s+,Male,11179,607,200150,5,1729079
2025-03-27,Facebook,40s,Female,14412,942,102460,26,959279
2025-03-27,Instagram,20s,Female,15818,843,76796,1,1096107
2025-03-27,Google,40s,Male,12315,665,50979,13,660736
2025-03-27,Organic,40s,Female,7083,708,240579,45,1769055
2025-03-27,Organic,30s,Male,18279,145,277581,29,366682
2025-03-28,Naver,50s+,Male,11281,326,245902,37,1918460
2025-03-28,Google,30s,Female,19131,676,194041,10,237158
2025-03-28,Facebook,30s,Female,12788,968,237462,18,1651243
2025-03-28,Naver,20s,Male,9285,789,84521,40,569645
2025-03-28,Google,40s,Female,14796,747,230083,28,1269622
2025-03-28,Google,30s,Male,10472,320,62568,16,573324
2025-03-28,Google,30s,Male,13048,174,269709,30,1370998
2025-03-28,Facebook,30s,Female,15666,234,279428,41,1007500
2025-03-28,Naver,40s,Female,13610,825,99021,47,1846221
2025-03-28,Facebook,50s+,Male,13609,341,241972,8,611921
2025-03-28,Google,30s,Male,8324,519,293591,33,432128
2025-03-28,Facebook,20s,Female,10070,114,80464,22,1568523
2025-03-28,Google,40s,Female,16589,835,57081,3,1083009
2025-03-28,Instagram,20s,Male,18448,536,125673,31,1312066
2025-03-28,Google,40s,Male,15086,832,180474,33,1420745
2025-03-28,Google,20s,Male,12097,527,134184,24,813355
2025-03-28,Google,40s,Male,10917,303,279839,40,717163
2025-03-28,Facebook,30s,Male,16173,122,130929,24,1347591
2025-03-28,Instagram,40s,Female,16651,651,120127,19,1535326
2025-03-28,Google,30s,Female,19725,451,248288,44,1297726
2025-03-28,Facebook,30s,Female,13735,443,51759,21,1049605
2025-03-28,Instagram,50s+,Female,9943,507,101677,13,1597446
2025-03-28,Instagram,40s,Female,18764,906,201852,14,1195026
2025-03-28,Naver,30s,Male,11784,262,271702,45,1547884
2025-03-28,Naver,50s+,Female,16500,919,298656,22,599654
2025-03-28,Facebook,40s,Male,7226,389,219471,27,957368
2025-03-28,Instagram,30s,Male,13477,319,95368,19,169805
2025-03-28,Instagram,50s+,Male,10227,511,197622,35,838607
2025-03-28,Naver,20s,Male,6107,606,225503,7,721001
2025-03-28,Facebook,40s,Female,17854,234,98952,45,1697388
2025-03-28,Google,40s,Male,11456,319,264597,22,1737646
2025-03-29,Instagram,40s,Male,17502,649,203301,25,1146564
2025-03-29,Facebook,20s,Male,5415,243,106550,23,452364
2025-03-29,Facebook,50s+,Male,8990,839,244027,23,1250672
2025-03-29,Google,30s,Female,9422,574,97752,49,1202148
2025-03-29,Facebook,40s,Male,15651,785,120555,18,1107124
2025-03-29,Facebook,30s,Female,11583,950,172227,18,643524
2025-03-29,Facebook,40s,Female,8952,864,189395,35,517516
2025-03-29,Facebook,20s,Male,11286,392,200790,17,1520378
2025-03-29,Facebook,30s,Female,10016,340,275012,29,1683943
2025-03-29,Organic,30s,Male,6517,651,64637,26,1189914
2025-03-29,Google,20s,Female,15377,155,225619,31,1409769
2025-03-29,Facebook,30s,Male,11359,912,55794,3,235576
2025-03-29,Instagram,50s+,Female,12591,860,202347,1,864135
2025-03-29,Facebook,20s,Male,9530,304,83064,38,924285
2025-03-29,Instagram,40s,Female,14263,374,211694,15,403145
2025-03-29,Google,20s,Female,14184,291,84676,17,1221454
2025-03-29,Facebook,40s,Female,13997,292,64054,39,1828299
2025-03-29,Facebook,30s,Male,6301,630,65486,1,1864622
2025-03-29,Facebook,50s+,Female,7629,636,151706,16,1325854
2025-03-29,Naver,50s+,Female,18874,988,116514,36,388534
2025-03-29,Google,40s,Female,17544,847,196294,24,1107130
2025-03-29,Google,30s,Female,16639,912,244548,42,1935461
2025-03-29,Google,30s,Male,14314,179,84702,18,444515
2025-03-29,Organic,40s,Female,6264,286,270885,41,952512
2025-03-29,Naver,20s,Female,6595,659,83993,34,1049067
2025-03-29,Facebook,40s,Male,18264,520,239840,35,418790
2025-03-29,Facebook,20s,Male,9138,476,250869,38,819560
2025-03-29,Naver,30s,Male,13233,815,287986,25,1228610
2025-03-29,Google,30s,Female,6528,652,219428,46,1559546
2025-03-29,Google,40s,Male,8088,335,182384,27,372239
2025-03-29,Naver,20s,Male,7063,436,294838,8,1891496
2025-03-30,Google,40s,Female,17647,649,73720,28,1453523
2025-03-30,Google,50s+,Female,10397,265,125383,26,1288824
2025-03-30,Naver,30s,Female,7823,307,251564,2,1248272
2025-03-30,Google,20s,Male,7350,195,83537,18,786366
2025-03-30,Naver,40s,Male,15169,841,208404,8,1738984
2025-03-30,Facebook,20s,Male,16689,291,154072,33,1343383
2025-03-30,Organic,40s,Female,8280,785,149034,19,1742552
2025-03-30,Facebook,40s,Female,18120,537,81295,14,438256
2025-03-30,Naver,20s,Female,10292,326,149290,46,1597318
2025-03-30,Facebook,50s+,Male,8364,619,76695,1,675936
2025-03-30,Organic,50s+,Male,9111,882,207856,29,493249
2025-03-30,Google,30s,Female,14179,437,88191,29,1840744
2025-03-30,Google,30s,Male,14269,300,161659,18,1455020
2025-03-30,Google,30s,Male,14832,875,147720,10,127480
2025-03-30,Organic,30s,Female,9058,389,271941,15,394113
2025-03-30,Naver,20s,Female,6495,488,104147,4,771307
2025-03-30,Facebook,30s,Female,6322,222,86103,44,664099
2025-03-30,Facebook,30s,Female,19009,230,62635,15,842388
2025-03-30,Facebook,50s+,Female,7819,781,172679,45,659538
2025-03-30,Google,30s,Male,8566,144,187703,28,454492
2025-03-30,Organic,40s,Male,13904,260,93043,28,1206757
2025-03-30,Instagram,20s,Female,6964,202,224803,36,578961
2025-03-31,Google,30s,Female,13531,617,127542,31,157010
2025-03-31,Instagram,40s,Male,17634,807,69693,31,925875
2025-03-31,Naver,20s,Female,8717,871,181660,20,1656273
2025-03-31,Organic,20s,Female,15777,203,133410,26,607831
2025-03-31,Facebook,30s,Female,17601,943,156648,8,497349
2025-03-31,Instagram,30s,Male,18678,644,60900,35,1250237
2025-03-31,Facebook,40s,Female,19363,689,139608,11,1219633
2025-03-31,Google,50s+,Female,16727,167,216812,23,504704
2025-03-31,Facebook,20s,Female,13669,494,117148,19,177652
2025-03-31,Naver,20s,Female,11433,443,206850,22,719760
2025-03-31,Facebook,40s,Male,7225,143,149775,28,859680
2025-03-31,Google,30s,Male,7347,510,140848,4,329593
2025-03-31,Facebook,30s,Male,9968,755,196278,4,1591066
2025-03-31,Facebook,50s+,Male,11823,213,189161,6,1169189
2025-03-31,Google,50s+,Female,9365,778,127658,37,1465440
2025-03-31,Facebook,50s+,Male,13191,673,280370,15,902012
2025-03-31,Organic,30s,Female,6571,510,281360,26,920661
2025-03-31,Google,50s+,Female,11234,574,282662,19,1647067
2025-03-31,Facebook,30s,Male,13030,921,152277,48,1876583
2025-03-31,Naver,20s,Female,18246,256,274020,36,299807
2025-03-31,Google,40s,Male,6100,122,87769,24,1628480
2025-03-31,Facebook,30s,Male,15944,608,274502,44,1311226
2025-03-31,Facebook,50s+,Male,6116,431,170885,48,449854
2025-03-31,Naver,50s+,Female,18527,869,194995,39,1216027
2025-03-31,Naver,50s+,Male,18376,803,171065,19,837020
2025-03-31,Organic,30s,Female,9673,403,54767,27,910558
2025-03-31,Google,50s+,Female,16127,349,79518,18,1655787
2025-03-31,Google,30s,Female,10749,150,239764,26,240180
2025-03-31,Naver,20s,Male,9204,322,162267,2,1320349
2025-03-31,Facebook,20s,Male,12067,253,59526,28,708255
2025-03-31,Naver,20s,Male,16602,541,254217,14,593528
2025-03-31,Facebook,20s,Female,13005,940,225074,12,1512877
2025-03-31,Naver,20s,Male,6850,540,226055,25,870070
2025-03-31,Organic,50s+,Male,13927,887,144948,39,1325112
2025-03-31,Instagram,40s,Female,5901,398,223502,45,1247843
2025-03-31,Google,40s,Male,8729,706,148287,34,156792
2025-03-31,Instagram,50s+,Female,6619,410,296260,31,1064281
2025-04-01,Facebook,30s,Male,17338,729,75739,12,647425
2025-04-01,Facebook,50s+,Female,17264,158,161794,17,1862403
2025-04-01,Facebook,50s+,Female,12035,831,144240,15,203218
2025-04-01,Google,30s,Female,10046,434,72175,40,1289339
2025-04-01,Naver,20s,Female,13776,820,282905,13,1563614
2025-04-01,Naver,40s,Female,7230,173,215291,19,1648422
2025-04-01,Google,40s,Female,10919,386,252956,15,1287960
2025-04-01,Google,20s,Male,18626,636,203305,6,568200
2025-04-01,Naver,20s,Female,6388,638,72077,39,1218881
2025-04-01,Facebook,40s,Female,17183,852,134075,41,1187688
2025-04-01,Facebook,20s,Female,8860,697,215396,8,540074
2025-04-01,Facebook,20s,Female,17937,924,127399,32,1918266
2025-04-01,Facebook,20s,Female,11201,741,169266,19,386197
2025-04-01,Facebook,40s,Female,18603,913,205602,24,1423106
2025-04-01,Google,40s,Male,15843,632,53422,35,1806572
2025-04-01,Naver,20s,Female,12785,661,180499,46,727885
2025-04-01,Organic,20s,Female,11254,589,137022,40,399839
2025-04-01,Naver,20s,Male,5547,262,194392,9,1751602
2025-04-01,Google,40s,Male,17732,109,157119,21,1299050
2025-04-01,Google,40s,Female,13332,716,201155,34,881357
2025-04-01,Facebook,30s,Male,9938,303,100547,41,1778096
2025-04-01,Instagram,30s,Female,15660,488,138409,39,739208
2025-04-01,Google,50s+,Female,12771,945,178390,23,1377048
2025-04-01,Google,40s,Male,14863,783,172788,20,403478
2025-04-01,Facebook,30s,Female,10719,997,95617,18,178846
2025-04-02,Naver,30s,Male,7627,300,50507,15,190876
2025-04-02,Facebook,40s,Female,15672,543,185807,27,240273
2025-04-02,Instagram,30s,Male,17012,314,77565,42,246825
2025-04-02,Organic,30s,Female,8422,174,181976,14,202749
2025-04-02,Facebook,30s,Male,16834,773,115167,46,1865087
2025-04-02,Naver,30s,Male,14915,187,299769,25,1955050
2025-04-02,Organic,30s,Male,5898,215,155519,25,1586849
2025-04-02,Facebook,50s+,Female,12278,457,159171,6,351621
2025-04-02,Naver,30s,Female,5151,515,176587,14,1821611
2025-04-02,Google,20s,Female,8814,881,110887,8,1762928
2025-04-02,Naver,40s,Female,12956,667,258865,39,910285
2025-04-02,Facebook,20s,Male,8422,405,72793,49,197217
2025-04-02,Google,20s,Male,16503,614,158776,36,1848649
2025-04-02,Naver,40s,Male,10015,138,164688,9,779999
2025-04-02,Google,20s,Female,5819,581,186185,22,148995
2025-04-02,Naver,40s,Male,12797,373,216508,49,1937056
2025-04-02,Naver,40s,Male,15855,240,140843,25,1131137
2025-04-02,Google,30s,Female,6964,288,65566,23,1783291
2025-04-02,Instagram,50s+,Male,19343,239,243958,47,406110
2025-04-02,Google,40s,Female,10774,816,82325,24,1720027
2025-04-02,Organic,20s,Male,11939,421,254391,32,651775
2025-04-02,Google,30s,Male,11046,847,94364,37,1204784
2025-04-03,Organic,30s,Female,9848,871,139521,40,1732715
2025-04-03,Naver,50s+,Male,14136,325,243843,19,1095881
2025-04-03,Facebook,50s+,Female,10525,118,274719,23,1198721
2025-04-03,Google,40s,Female,14289,318,84169,18,878005
2025-04-03,Instagram,20s,Male,13059,394,93865,43,1273495
2025-04-03,Google,30s,Female,8021,315,207883,5,1870710
2025-04-03,Facebook,40s,Male,14360,875,180944,41,764946
2025-04-03,Google,30s,Female,7115,711,284500,9,1599336
2025-04-03,Naver,50s+,Female,16832,928,291775,20,1776853
2025-04-03,Facebook,30s,Female,8768,876,226554,10,1760492
2025-04-03,Organic,20s,Female,7469,676,189517,25,238773
2025-04-03,Instagram,20s,Female,7370,161,237847,12,845919
2025-04-03,Facebook,20s,Female,9086,294,177631,7,1867959
2025-04-03,Google,20s,Female,10998,136,123495,27,1211444
2025-04-03,Google,40s,Male,16219,883,268732,9,1467980
2025-04-03,Facebook,40s,Male,9774,671,165132,45,1599211
2025-04-03,Organic,30s,Male,9802,741,202079,8,1228599
2025-04-03,Google,30s,Female,19567,867,142355,29,910612
2025-04-03,Facebook,20s,Male,7784,778,65422,29,1589273
2025-04-03,Instagram,50s+,Male,19707,949,163687,17,242274
2025-04-03,Organic,30s,Male,7638,763,196926,39,1273000
2025-04-03,Facebook,20s,Female,9472,745,245580,17,1761686
2025-04-03,Instagram,40s,Female,6153,615,224133,4,1295788
2025-04-03,Google,40s,Male,15802,363,128719,20,710123
2025-04-03,Facebook,50s+,Female,18190,703,254154,26,194211
2025-04-03,Facebook,50s+,Female,9512,293,110016,42,578594
2025-04-03,Organic,50s+,Male,15339,294,103971,27,1979290
2025-04-03,Google,50s+,Male,7695,434,93732,30,186367
2025-04-03,Naver,20s,Female,15846,296,221867,18,710940
2025-04-03,Google,30s,Male,8092,265,295754,2,609664
2025-04-03,Facebook,20s,Male,13098,379,277170,15,326136
2025-04-03,Facebook,20s,Male,6012,601,94010,6,1876741
2025-04-03,Instagram,20s,Female,17442,639,194443,32,554412
2025-04-04,Naver,40s,Female,11232,216,185980,25,1662442
2025-04-04,Facebook,20s,Male,5488,185,271462,37,1369327
2025-04-04,Instagram,30s,Female,10067,342,185451,15,880537
2025-04-04,Google,50s+,Female,11034,448,156121,14,1699398
2025-04-04,Organic,40s,Female,15071,219,199592,7,593923
2025-04-04,Naver,50s+,Female,7366,736,59198,49,1019673
2025-04-04,Naver,40s,Female,10047,477,221392,48,380999
2025-04-04,Organic,50s+,Male,12923,947,51420,44,1393764
2025-04-04,Facebook,30s,Male,8846,884,168319,48,740359
2025-04-04,Google,30s,Female,12238,778,230129,30,1266488
2025-04-04,Naver,50s+,Male,5652,104,118650,18,1452541
2025-04-04,Instagram,20s,Male,9742,740,64408,14,1582385
2025-04-04,Facebook,20s,Male,11731,163,86667,1,333843
2025-04-04,Naver,20s,Male,16246,622,246236,48,1756839
2025-04-04,Google,20s,Female,19894,931,179711,20,1442167
2025-04-04,Naver,40s,Female,16583,489,138416,16,1336232
2025-04-04,Google,20s,Male,17170,653,164849,13,444692
2025-04-04,Organic,30s,Female,16165,354,136300,24,453188
2025-04-04,Facebook,20s,Female,13766,151,229882,30,1572123
2025-04-04,Naver,50s+,Male,14875,149,145267,22,1953480
2025-04-04,Facebook,50s+,Male,6562,656,167016,15,1104616
2025-04-04,Facebook,50s+,Female,9538,807,281499,23,1660953
2025-04-04,Instagram,30s,Male,19725,109,252973,6,1520179
2025-04-04,Organic,50s+,Male,15548,367,288000,10,236101
2025-04-04,Google,40s,Male,19086,419,78698,15,655964
2025-04-05,Facebook,30s,Male,18054,811,235824,48,1013812
2025-04-05,Organic,50s+,Male,16355,756,200746,32,723590
2025-04-05,Facebook,50s+,Female,6104,610,192816,45,280703
2025-04-05,Facebook,30s,Male,13084,877,154960,17,1905206
2025-04-05,Google,50s+,Male,19360,528,164429,12,1760790
2025-04-05,Naver,50s+,Male,7955,642,148963,49,1379819
2025-04-05,Facebook,40s,Male,19718,287,270206,34,1376047
2025-04-05,Google,20s,Male,13591,354,178210,46,664249
2025-04-05,Facebook,20s,Female,5440,544,231584,16,868675
2025-04-05,Google,30s,Male,14311,587,117454,29,1683104
2025-04-05,Instagram,20s,Female,13206,932,259543,9,923727
2025-04-05,Google,30s,Male,9251,888,298355,28,1249672
2025-04-05,Instagram,50s+,Male,13938,894,163059,18,509935
2025-04-05,Facebook,50s+,Male,10430,563,136482,49,1728986
2025-04-05,Organic,20s,Male,8007,631,249283,14,1626285
2025-04-05,Naver,50s+,Male,18374,717,135518,42,1354992
2025-04-05,Google,30s,Male,6263,626,130220,42,863508
2025-04-05,Naver,30s,Female,19540,599,79422,26,1128032
2025-04-05,Google,50s+,Female,16984,397,76533,18,616129
2025-04-05,Organic,50s+,Female,19943,484,260505,33,805989
2025-04-05,Google,20s,Male,13984,639,85095,14,655260
2025-04-05,Instagram,50s+,Female,7368,736,226760,35,1333305
2025-04-05,Facebook,50s+,Male,7387,169,99468,33,1719103
2025-04-05,Google,20s,Female,14224,975,55246,43,1879108
2025-04-05,Organic,20s,Female,16617,836,245894,29,953222
2025-04-05,Google,50s+,Female,11862,982,234901,45,1696950
2025-04-05,Facebook,20s,Male,19241,129,194654,25,1977468
2025-04-05,Facebook,40s,Female,19890,535,101369,26,577716
2025-04-05,Google,20s,Female,10463,161,165995,21,265147
2025-04-05,Google,40s,Male,8813,207,206888,36,1873333
2025-04-05,Google,30s,Male,5206,182,204997,21,831494
2025-04-05,Google,40s,Male,13477,140,163574,14,1580219
2025-04-05,Facebook,20s,Female,11431,162,113950,25,1270845
2025-04-05,Facebook,20s,Male,11292,636,268443,19,1979469
2025-04-05,Naver,30s,Male,17462,424,250476,11,979913
2025-04-05,Facebook,30s,Male,5952,142,70316,17,1160109
2025-04-05,Naver,30s,Male,5286,528,242291,41,1274694
2025-04-06,Naver,40s,Female,12467,111,155410,4,1232095
2025-04-06,Instagram,20s,Female,10254,310,50722,4,1079168
2025-04-06,Facebook,50s+,Male,5606,187,284860,37,969311
2025-04-06,Google,50s+,Female,11264,728,292376,21,1839833
2025-04-06,Naver,40s,Female,8299,138,262437,13,1496799
2025-04-06,Google,50s+,Male,15809,688,198135,15,1118784
2025-04-06,Naver,40s,Male,18048,761,261767,25,477567
2025-04-06,Google,50s+,Female,17197,113,299016,22,137718
2025-04-06,Facebook,40s,Male,12392,109,253757,20,957195
2025-04-06,Facebook,50s+,Female,15777,323,219285,24,980477
2025-04-06,Organic,50s+,Female,14098,245,215393,28,151902
2025-04-06,Google,30s,Male,9089,209,250875,36,1629571
2025-04-06,Naver,20s,Female,13607,883,167641,11,1285384
2025-04-06,Naver,30s,Male,6267,563,57936,18,1345549
2025-04-06,Facebook,30s,Female,11085,545,75255,47,1279590
2025-04-06,Naver,30s,Male,18188,540,191086,16,1602444
2025-04-06,Organic,20s,Female,14053,776,150676,35,551335
2025-04-06,Instagram,20s,Male,12622,790,64241,49,1393270
2025-04-07,Naver,20s,Female,8982,814,284076,44,1837378
2025-04-07,Facebook,30s,Male,11919,760,220236,29,250538
2025-04-07,Google,20s,Male,19051,961,179431,47,687735
2025-04-07,Naver,30s,Male,10068,522,122319,25,495250
2025-04-07,Naver,50s+,Female,17567,435,85558,48,1956389
2025-04-07,Google,30s,Female,8936,766,239239,46,1915774
2025-04-07,Facebook,40s,Male,12811,244,86720,43,346199
2025-04-07,Naver,20s,Male,5210,215,252215,1,384988
2025-04-07,Google,40s,Male,13778,884,143908,15,1423111
2025-04-07,Organic,30s,Female,16490,739,242989,8,1169938
2025-04-07,Google,40s,Female,14676,337,128371,26,1623884
2025-04-07,Naver,40s,Male,11004,678,121825,49,1477237
2025-04-07,Naver,20s,Female,10893,889,240772,39,1054104
2025-04-07,Google,30s,Male,19404,527,245117,20,520855
2025-04-07,Google,50s+,Male,5879,539,265204,37,809138
2025-04-07,Google,40s,Female,19651,209,146726,32,1985342
2025-04-07,Naver,20s,Male,5603,507,115401,34,1378886
2025-04-07,Google,50s+,Male,15657,603,218619,33,1270459
2025-04-07,Facebook,40s,Male,17294,330,287936,33,447103
2025-04-07,Naver,50s+,Male,5879,152,206693,9,472067
2025-04-07,Google,30s,Male,15264,187,180757,19,772401
2025-04-07,Facebook,30s,Male,13805,994,101466,1,1405610
2025-04-07,Facebook,30s,Female,6615,661,139738,35,926686
2025-04-07,Google,40s,Male,15267,721,282985,4,1985695
2025-04-07,Facebook,30s,Female,17920,184,184684,22,1618238
2025-04-07,Organic,30s,Female,14903,104,244555,9,979214
2025-04-07,Facebook,30s,Male,13040,290,279106,1,592643
2025-04-07,Instagram,30s,Male,15101,779,154282,9,1497435
2025-04-07,Naver,50s+,Female,11098,236,206453,35,1084966
2025-04-07,Google,30s,Male,6400,608,152191,49,1241078
2025-04-08,Naver,40s,Male,9991,709,135216,14,1874926
2025-04-08,Facebook,50s+,Male,17454,458,54570,2,1175141
2025-04-08,Google,50s+,Female,6819,681,159456,20,1727855
2025-04-08,Google,40s,Male,7080,708,53653,21,1582751
2025-04-08,Instagram,30s,Female,19845,819,127729,39,1537216
2025-04-08,Google,30s,Male,9448,769,279456,26,1463062
2025-04-08,Naver,30s,Male,5905,527,71171,47,701954
2025-04-08,Google,30s,Female,15695,773,121571,49,1743597
2025-04-08,Google,20s,Male,9130,723,187186,45,1459184
2025-04-08,Naver,40s,Female,5700,158,137874,31,443583
2025-04-08,Facebook,40s,Male,9730,789,191178,21,1676852
2025-04-08,Naver,50s+,Male,6203,620,133156,47,821426
2025-04-08,Naver,50s+,Male,15880,178,196287,11,360904
2025-04-08,Instagram,40s,Female,18630,838,241235,12,1504593
2025-04-08,Instagram,50s+,Female,6703,546,55835,15,1392805
2025-04-08,Facebook,50s+,Male,14683,892,115781,40,1199347
2025-04-08,Google,50s+,Female,8744,685,248160,13,352102
2025-04-08,Google,50s+,Female,16514,581,201323,13,850294
2025-04-08,Facebook,20s,Male,11344,613,103405,9,1767994
2025-04-08,Naver,40s,Male,10397,188,98269,8,459721
2025-04-08,Google,30s,Female,15811,427,274638,28,1512521
2025-04-08,Facebook,40s,Male,7647,698,84454,41,1336314
2025-04-08,Instagram,50s+,Male,15528,538,246358,39,1019095
2025-04-08,Google,50s+,Male,10617,963,170635,16,430660
2025-04-08,Google,40s,Female,11974,101,263788,20,573138
2025-04-08,Organic,40s,Male,15708,552,259542,22,1470279
2025-04-08,Google,40s,Female,7665,706,128502,12,620850
2025-04-08,Facebook,30s,Male,11933,251,276886,48,955851
2025-04-08,Facebook,30s,Female,13927,558,89139,20,513912
2025-04-08,Instagram,40s,Male,5340,534,68031,39,1333700
2025-04-08,Naver,20s,Female,16427,466,102165,19,1647506
2025-04-09,Facebook,40s,Female,19014,104,167979,20,1898077
2025-04-09,Google,40s,Female,9659,674,293291,49,304291
2025-04-09,Facebook,20s,Female,14836,971,186708,43,1074806
2025-04-09,Facebook,30s,Female,6201,368,84886,36,1174746
2025-04-09,Google,40s,Male,16039,346,251050,12,817884
2025-04-09,Facebook,30s,Male,14214,529,210433,37,1054506
2025-04-09,Organic,20s,Male,12225,110,51255,22,647733
2025-04-09,Organic,30s,Male,9059,279,56864,48,1792654
2025-04-09,Google,20s,Male,7474,747,292367,26,1123505
2025-04-09,Naver,30s,Male,19317,887,86994,22,1137540
2025-04-09,Google,40s,Female,5063,506,150107,42,1505141
2025-04-09,Facebook,40s,Female,18014,492,226183,15,705537
2025-04-09,Google,50s+,Male,10975,789,162414,33,1598921
2025-04-09,Google,50s+,Female,10357,310,297784,31,662719
2025-04-09,Google,50s+,Female,5216,364,81568,19,460313
2025-04-09,Facebook,20s,Female,18493,102,259964,20,1276181
2025-04-09,Facebook,40s,Male,12750,560,95240,36,824135
2025-04-09,Google,50s+,Female,10809,289,143465,37,887232
2025-04-09,Naver,30s,Female,12418,270,278322,1,1761030
2025-04-09,Instagram,30s,Female,5703,410,113930,34,545528
2025-04-09,Facebook,30s,Male,18421,851,126184,41,207409
2025-04-09,Organic,30s,Male,16268,572,243925,49,465190
2025-04-09,Naver,20s,Female,5003,500,102562,1,1862135
2025-04-09,Facebook,30s,Female,8206,820,270881,9,801134
2025-04-09,Google,20s,Male,7629,448,88247,21,1029757
2025-04-09,Facebook,40s,Male,10339,122,190875,24,1755384
2025-04-10,Naver,30s,Female,14037,132,288448,26,709206
2025-04-10,Naver,20s,Female,12411,593,216961,38,1786882
2025-04-10,Google,20s,Female,12957,907,281525,3,1721358
2025-04-10,Instagram,50s+,Female,16753,142,255162,28,754919
2025-04-10,Instagram,30s,Female,13585,180,258525,36,1010670
2025-04-10,Google,40s,Female,13001,757,265061,22,1792692
2025-04-10,Facebook,40s,Female,17443,979,213978,15,1895723
2025-04-10,Facebook,30s,Female,19012,932,70705,5,1418734
2025-04-10,Instagram,50s+,Male,12415,464,279391,16,1115056
2025-04-10,Facebook,30s,Female,16756,730,156313,31,724489
2025-04-10,Google,30s,Female,17369,233,203684,12,420250
2025-04-10,Facebook,20s,Male,17921,289,240726,48,1918329
2025-04-10,Google,50s+,Female,16906,866,187303,43,974252
2025-04-10,Google,30s,Female,16985,332,86775,23,1762522
2025-04-10,Facebook,20s,Female,5758,559,176759,37,1011977
2025-04-10,Naver,40s,Male,15812,696,121740,49,1765612
2025-04-10,Google,40s,Male,12434,577,88681,1,1123842
2025-04-10,Naver,20s,Female,18127,620,275738,37,1154878
2025-04-10,Facebook,30s,Female,17586,279,107270,18,148254
2025-04-10,Google,50s+,Female,13177,798,231574,48,1215385
2025-04-10,Naver,30s,Female,7199,142,84776,28,1273697
2025-04-10,Google,20s,Female,18620,724,69083,4,922352
2025-04-10,Google,40s,Female,16313,753,161507,33,1567102
2025-04-10,Google,20s,Male,16472,301,68820,42,1706671
2025-04-10,Naver,40s,Male,14184,537,272828,20,1710935
2025-04-11,Google,20s,Male,18657,317,61381,49,1280387
2025-04-11,Google,30s,Male,14055,646,88490,11,322208
2025-04-11,Google,40s,Male,7539,221,126280,21,465669
2025-04-11,Naver,30s,Male,14180,409,246564,5,1315254
2025-04-11,Facebook,20s,Female,15396,485,111045,31,1116892
2025-04-11,Naver,40s,Female,18046,549,240667,49,798862
2025-04-11,Google,30s,Male,11621,699,273651,37,650505
2025-04-11,Google,20s,Male,7458,677,184808,5,1931831
2025-04-11,Google,50s+,Male,17872,667,108690,1,887676
2025-04-11,Google,30s,Male,8703,492,284904,37,1669463
2025-04-11,Google,40s,Female,13898,650,240549,49,1513473
2025-04-11,Naver,50s+,Male,12490,641,134500,17,1445784
2025-04-11,Instagram,30s,Female,12554,788,133801,48,1868742
2025-04-11,Google,30s,Female,8260,576,274163,11,1540657
2025-04-11,Facebook,40s,Male,18706,726,201005,44,250541
2025-04-11,Facebook,50s+,Male,9915,758,100912,7,387340
2025-04-11,Google,40s,Male,17738,844,152337,6,1574397
2025-04-11,Facebook,20s,Male,15883,512,80099,42,1853015
2025-04-11,Naver,20s,Female,12995,910,236318,1,1679801
2025-04-11,Organic,30s,Male,5068,264,54281,41,274526
2025-04-11,Facebook,50s+,Female,18657,367,161952,17,1072904
2025-04-11,Facebook,50s+,Male,11964,263,164788,30,1136307
2025-04-11,Naver,20s,Female,18553,152,273508,15,1200676
2025-04-11,Google,50s+,Female,14673,112,214294,2,180025
2025-04-11,Naver,40s,Male,17142,547,134003,43,1726811
2025-04-11,Google,20s,Male,15560,767,134732,12,843442
2025-04-11,Instagram,30s,Female,11446,699,141727,45,281047
2025-04-11,Naver,50s+,Male,9681,910,116039,42,1987329
2025-04-11,Google,20s,Male,17523,410,81408,27,151400
2025-04-11,Facebook,30s,Male,14942,541,272677,39,802768
2025-04-11,Google,30s,Female,9820,398,125248,15,1423975
2025-04-12,Instagram,30s,Male,19782,955,269329,2,1935383
2025-04-12,Instagram,20s,Male,6771,175,123828,6,614419
2025-04-12,Facebook,50s+,Male,11191,418,70177,8,462952
2025-04-12,Google,50s+,Male,15169,907,174966,45,1321973
2025-04-12,Facebook,20s,Female,18812,885,243259,49,544935
2025-04-12,Google,50s+,Male,10854,302,79039,5,433794
2025-04-12,Google,40s,Female,19605,717,266018,24,1847361
2025-04-12,Google,30s,Female,10635,169,114683,3,1153469
2025-04-12,Facebook,50s+,Male,17708,823,254179,30,1699823
2025-04-12,Facebook,50s+,Male,18117,234,200862,21,1892736
2025-04-12,Google,40s,Male,16853,730,116719,45,1656186
2025-04-12,Google,30s,Male,10558,841,229153,26,218755
2025-04-12,Google,40s,Male,19374,588,172052,47,1815168
2025-04-12,Facebook,20s,Female,7315,187,271560,27,405121
2025-04-12,Naver,30s,Female,18429,985,168510,19,507635
2025-04-12,Facebook,40s,Male,12285,110,118585,22,328667
2025-04-12,Facebook,50s+,Female,5008,500,186624,33,1904282
2025-04-12,Google,20s,Female,19343,947,170463,34,457135
2025-04-12,Google,20s,Male,18770,635,226547,38,701163
2025-04-12,Naver,30s,Male,18618,884,259946,39,1457947
2025-04-12,Instagram,20s,Male,13519,967,245843,21,1040913
2025-04-12,Facebook,50s+,Male,9564,443,268501,40,1202523
2025-04-12,Naver,50s+,Female,6695,135,70412,27,528089
2025-04-12,Organic,50s+,Female,5026,502,220928,5,731788
2025-04-12,Facebook,20s,Male,11653,519,78360,1,477474
2025-04-12,Instagram,40s,Female,7646,280,143610,36,1937082
2025-04-12,Organic,20s,Male,8466,846,198990,9,1043778
2025-04-12,Instagram,30s,Male,11254,620,162676,40,1887655
2025-04-12,Google,40s,Male,17002,827,57098,4,584519
2025-04-12,Facebook,20s,Female,9683,534,296130,33,210126
2025-04-12,Facebook,50s+,Female,9779,438,82324,8,1137316
2025-04-12,Facebook,40s,Female,11786,295,143376,22,1333566
2025-04-12,Google,30s,Female,16181,950,130606,44,680773
2025-04-12,Google,40s,Male,18706,482,123701,30,1260575
2025-04-12,Google,50s+,Male,14609,896,244266,47,1622846
2025-04-12,Naver,50s+,Male,12142,681,274729,14,1337608
2025-04-12,Google,50s+,Male,13514,183,138256,36,393253
2025-04-12,Facebook,30s,Female,9659,390,259769,7,1632177
2025-04-12,Instagram,30s,Female,11074,464,223090,4,1010401
2025-04-12,Organic,40s,Male,9273,234,186970,40,468808
2025-04-12,Facebook,40s,Female,12041,896,126724,22,235915
2025-04-13,Facebook,40s,Female,19505,534,259603,20,1326517
2025-04-13,Google,30s,Female,17265,947,155908,35,1932206
2025-04-13,Google,30s,Female,13292,707,233238,7,1192890
2025-04-13,Naver,20s,Female,13910,903,142169,49,687965
2025-04-13,Naver,50s+,Male,19502,868,161455,39,1070634
2025-04-13,Instagram,40s,Female,5192,519,220595,33,1505263
2025-04-13,Google,50s+,Male,13444,849,245065,38,139013
2025-04-13,Facebook,20s,Male,11921,483,74093,24,1521428
2025-04-13,Organic,40s,Female,14890,179,160542,35,1201061
2025-04-13,Naver,20s,Female,15162,676,116761,48,112312
2025-04-13,Naver,50s+,Male,8962,497,122224,28,1998732
2025-04-13,Google,30s,Female,8402,108,232262,21,1965474
2025-04-13,Organic,30s,Male,13244,694,101558,40,656227
2025-04-13,Facebook,40s,Male,10150,809,78402,1,1383119
2025-04-13,Google,20s,Female,14362,558,172028,5,281482
2025-04-13,Facebook,30s,Female,14966,825,242929,25,1533989
2025-04-13,Facebook,40s,Male,9896,394,62129,47,1171716
2025-04-13,Google,30s,Female,17112,540,93257,29,1656776
2025-04-13,Organic,40s,Male,9733,470,133275,46,1476028
2025-04-13,Naver,30s,Male,16720,115,237456,23,1656140
2025-04-13,Naver,40s,Female,13187,217,208884,15,1651117
2025-04-13,Google,30s,Female,12451,691,53593,34,1924187
2025-04-13,Facebook,20s,Male,9444,486,90126,17,1255201
2025-04-13,Naver,20s,Male,10821,278,96294,46,909722
2025-04-13,Naver,40s,Male,13142,324,293762,4,383353
2025-04-13,Naver,30s,Male,8232,690,121755,4,1709503
2025-04-13,Facebook,40s,Female,12150,244,244018,39,821612
2025-04-13,Naver,50s+,Female,10847,397,169454,1,971180
2025-04-13,Google,40s,Male,18276,228,283604,28,1469261
2025-04-13,Organic,20s,Male,18725,631,250191,36,517565
2025-04-13,Organic,30s,Female,11755,112,235096,13,1486313
2025-04-13,Naver,20s,Female,12874,545,152403,48,1961839
2025-04-13,Google,50s+,Female,12354,187,86999,21,1556411
2025-04-13,Naver,30s,Female,10739,578,126283,18,1403037
2025-04-13,Google,20s,Male,6495,649,134199,1,1176685
2025-04-13,Naver,30s,Female,16620,552,218944,44,1664586
2025-04-13,Facebook,20s,Female,15451,192,98921,32,1279262
2025-04-13,Facebook,50s+,Female,6214,184,86734,11,310113
2025-04-13,Instagram,20s,Female,6779,677,75467,48,279374
2025-04-14,Google,30s,Male,10335,236,196477,6,277356
2025-04-14,Google,50s+,Male,15163,402,281374,48,1717448
2025-04-14,Naver,50s+,Female,13570,551,174055,41,828218
2025-04-14,Facebook,40s,Male,19039,759,143971,19,388187
2025-04-14,Facebook,30s,Male,13436,604,159744,36,292830
2025-04-14,Naver,20s,Male,17863,658,180604,49,868528
2025-04-14,Facebook,20s,Male,15866,899,174690,20,492830
2025-04-14,Instagram,40s,Female,17549,953,140253,42,1954830
2025-04-14,Instagram,50s+,Male,14710,223,78459,4,581700
2025-04-14,Google,40s,Female,9242,702,153351,11,1855176
2025-04-14,Google,50s+,Male,14966,531,206728,4,895928
2025-04-14,Google,30s,Male,17181,300,134551,11,1336973
2025-04-14,Naver,30s,Male,12588,592,139745,44,840011
2025-04-14,Facebook,40s,Female,14204,155,210777,15,454957
2025-04-14,Organic,30s,Male,8920,347,145019,29,781257
2025-04-14,Google,30s,Female,14039,342,240536,20,118220
2025-04-14,Facebook,40s,Male,12466,961,50271,15,1014710
2025-04-14,Organic,20s,Female,18508,982,68919,26,968683
2025-04-14,Google,50s+,Female,5968,596,65968,14,216131
2025-04-14,Facebook,40s,Male,13147,459,182258,43,679072
2025-04-14,Facebook,30s,Female,6405,397,173119,42,1415102
2025-04-14,Facebook,50s+,Female,8348,628,131668,21,706093
2025-04-14,Naver,30s,Female,10166,833,115465,44,614138
2025-04-14,Naver,50s+,Female,15620,305,157360,19,1034346
2025-04-14,Organic,30s,Female,10202,927,75323,30,1999273
2025-04-14,Naver,50s+,Male,17260,689,185194,36,569477
2025-04-15,Facebook,50s+,Male,15182,358,147171,10,121591
2025-04-15,Google,20s,Female,8879,138,260230,2,1693178
2025-04-15,Facebook,30s,Female,13163,314,166363,13,341282
2025-04-15,Facebook,50s+,Male,6325,333,155792,23,928911
2025-04-15,Google,20s,Male,15718,651,245050,20,926267
2025-04-15,Facebook,40s,Female,19826,169,60543,33,564945
2025-04-15,Instagram,30s,Male,9751,831,158235,23,1158809
2025-04-15,Instagram,20s,Male,12132,941,102489,6,666500
2025-04-15,Facebook,50s+,Female,9211,675,52457,23,1809626
2025-04-15,Naver,30s,Female,12151,138,94276,1,1788405
2025-04-15,Google,40s,Male,18573,640,56101,6,1752028
2025-04-15,Facebook,30s,Male,18002,665,285906,41,1427247
2025-04-15,Facebook,50s+,Male,15895,303,298207,6,381438
2025-04-15,Google,20s,Male,8225,814,219666,32,980709
2025-04-15,Naver,20s,Male,16424,301,123479,21,1285341
2025-04-15,Facebook,50s+,Female,15046,614,188212,11,1561844
2025-04-15,Naver,30s,Male,10467,220,79603,41,1867474
2025-04-15,Naver,20s,Female,17461,195,158028,1,1139810
2025-04-15,Naver,50s+,Male,13767,709,138190,8,746750
2025-04-15,Facebook,50s+,Female,8912,549,133615,28,909153
2025-04-15,Google,40s,Female,17486,860,197984,36,254002
2025-04-15,Facebook,20s,Female,10472,834,188874,30,534120
2025-04-15,Naver,40s,Male,14548,754,163505,32,188019
2025-04-15,Instagram,20s,Male,10945,442,60409,26,402417
2025-04-15,Organic,20s,Female,13325,814,73267,28,889157
2025-04-15,Naver,50s+,Female,9226,922,279892,43,656564
2025-04-15,Google,50s+,Male,6628,376,225467,31,280085
2025-04-15,Google,40s,Female,18903,919,216810,34,623823
2025-04-15,Google,30s,Female,5642,544,241819,27,1147810
2025-04-16,Instagram,50s+,Female,5788,361,124194,35,776844
2025-04-16,Google,40s,Female,10382,382,90703,42,838910
2025-04-16,Organic,50s+,Female,16311,258,256714,30,1543682
2025-04-16,Google,40s,Female,16896,156,92599,31,729842
2025-04-16,Organic,50s+,Male,14101,467,287670,7,1801321
2025-04-16,Instagram,40s,Female,5627,562,295896,38,1409773
2025-04-16,Facebook,30s,Male,15590,728,96109,17,524682
2025-04-16,Naver,20s,Female,13511,624,215299,8,1774300
2025-04-16,Facebook,30s,Female,9404,813,274543,36,526802
2025-04-16,Facebook,20s,Female,8518,851,62376,13,455858
2025-04-16,Facebook,30s,Female,7622,296,164420,19,123627
2025-04-16,Google,40s,Male,7282,728,291122,36,1659845
2025-04-16,Organic,30s,Female,7783,512,93366,13,425506
2025-04-16,Organic,50s+,Female,5897,301,215163,20,1843302
2025-04-16,Instagram,20s,Male,17453,676,257432,7,1827564
2025-04-16,Organic,40s,Female,8735,518,64686,6,1550407
2025-04-16,Organic,20s,Female,19030,923,113821,27,1480322
2025-04-16,Naver,40s,Male,5817,581,120085,2,1882540
2025-04-16,Google,50s+,Female,16641,161,298382,20,298037
2025-04-16,Facebook,30s,Female,6936,693,133041,3,847593
2025-04-17,Naver,40s,Male,15675,439,70228,46,1192987
2025-04-17,Facebook,20s,Female,5840,533,84251,38,1989964
2025-04-17,Google,40s,Male,12948,809,277688,45,1577850
2025-04-17,Google,30s,Male,19629,540,218342,3,1210874
2025-04-17,Google,30s,Female,18179,591,223590,6,1490890
2025-04-17,Facebook,50s+,Male,18492,307,116729,24,1027581
2025-04-17,Organic,30s,Female,5115,511,278050,27,1543757
2025-04-17,Facebook,50s+,Male,12439,300,245295,38,1492745
2025-04-17,Instagram,50s+,Male,5438,121,58358,14,1383872
2025-04-17,Facebook,50s+,Male,11318,117,91381,11,1057059
2025-04-17,Google,50s+,Male,14288,482,276668,7,964392
2025-04-17,Google,20s,Female,7364,736,58719,23,1092452
2025-04-17,Naver,50s+,Female,13257,746,285985,16,1158317
2025-04-17,Facebook,30s,Female,17755,865,53159,34,279411
2025-04-17,Facebook,30s,Male,7991,799,243022,2,969851
2025-04-17,Google,20s,Male,5649,564,184161,12,803127
2025-04-17,Facebook,20s,Male,18394,809,257390,45,1809679
2025-04-17,Google,50s+,Male,13622,520,276630,28,632327
2025-04-17,Facebook,30s,Female,5185,518,257061,44,751031
2025-04-17,Naver,20s,Male,8504,850,108727,3,1116350
2025-04-17,Google,40s,Male,10972,428,124309,20,1184044
2025-04-18,Instagram,40s,Male,11661,326,58746,29,471894
2025-04-18,Google,40s,Female,9927,281,83350,35,906835
2025-04-18,Facebook,50s+,Female,16040,553,213301,7,1169211
2025-04-18,Facebook,20s,Female,6900,215,161785,42,889325
2025-04-18,Naver,30s,Male,11590,618,152501,7,367305
2025-04-18,Organic,40s,Male,11141,490,86459,4,1758000
2025-04-18,Google,20s,Male,6241,512,96773,21,972706
2025-04-18,Naver,50s+,Male,9677,173,206998,34,623323
2025-04-18,Naver,20s,Male,17201,529,65100,2,1924161
2025-04-18,Google,50s+,Male,8474,585,270118,39,866114
2025-04-18,Google,30s,Male,8979,781,293235,17,307866
2025-04-18,Instagram,20s,Female,12622,617,200131,17,1137501
2025-04-18,Google,30s,Male,9720,768,224676,4,1179763
2025-04-18,Naver,40s,Male,10021,394,78701,41,1558972
2025-04-18,Google,30s,Female,6630,279,256185,21,1999100
2025-04-18,Google,20s,Male,14419,731,202426,37,1692092
2025-04-18,Facebook,40s,Male,10010,391,178732,5,1940507
2025-04-18,Facebook,40s,Female,16126,961,278109,24,1558441
2025-04-18,Instagram,40s,Male,8376,837,104663,41,1460609
2025-04-18,Google,30s,Male,9167,351,200957,43,1732811
2025-04-18,Organic,30s,Female,19324,385,240216,21,786179
2025-04-18,Facebook,30s,Male,14359,894,117643,27,103107
2025-04-18,Naver,20s,Male,19926,676,97925,2,1603737
2025-04-18,Instagram,40s,Female,11151,851,133024,28,1861427
2025-04-18,Naver,50s+,Male,10881,275,93506,15,1337774
2025-04-18,Facebook,50s+,Female,18230,537,295201,5,358851
2025-04-18,Google,20s,Female,6039,603,254748,14,1887411
2025-04-18,Google,40s,Male,9956,237,246450,35,1456638
2025-04-18,Organic,30s,Male,18333,259,142793,43,1583980
2025-04-18,Instagram,20s,Male,15043,159,283942,31,345934
2025-04-18,Facebook,40s,Female,13980,502,54797,29,1612005
2025-04-18,Instagram,20s,Male,17311,741,73285,48,1757876
2025-04-18,Organic,30s,Male,11255,272,216935,42,1222312
2025-04-18,Facebook,30s,Female,14457,694,134791,34,952582
2025-04-19,Organic,50s+,Female,10894,698,187396,10,1652280
2025-04-19,Google,50s+,Female,5431,543,92460,13,561220
2025-04-19,Facebook,20s,Male,19186,136,189307,15,206853
2025-04-19,Google,20s,Female,11459,236,100569,19,1376258
2025-04-19,Google,40s,Female,19009,251,275973,20,1511745
2025-04-19,Facebook,30s,Male,6319,631,175265,12,1258762
2025-04-19,Google,30s,Female,6014,452,168745,7,1708097
2025-04-19,Facebook,50s+,Male,12784,500,195014,25,1401292
2025-04-19,Google,50s+,Female,10890,133,183374,10,234881
2025-04-19,Facebook,30s,Male,8229,542,132551,29,505500
2025-04-19,Facebook,40s,Male,18502,431,279605,35,1528993
2025-04-19,Google,30s,Female,17797,251,159365,32,1112316
2025-04-19,Facebook,40s,Male,19241,150,195059,12,983707
2025-04-19,Facebook,20s,Female,18543,408,222661,2,505091
2025-04-19,Google,20s,Female,17338,416,71269,49,675830
2025-04-19,Facebook,30s,Female,8533,738,251958,33,1855622
2025-04-19,Naver,20s,Male,6718,187,200691,14,467343
2025-04-19,Facebook,20s,Male,6233,237,268819,29,489356
2025-04-19,Naver,50s+,Male,18680,957,93279,20,1489079
2025-04-19,Google,50s+,Male,10932,672,154751,29,1970062
2025-04-19,Google,50s+,Male,18299,615,236913,34,469549
2025-04-19,Naver,30s,Female,19979,866,275422,12,1605136
2025-04-19,Facebook,40s,Male,18545,569,260098,8,753256
2025-04-19,Naver,20s,Female,9314,658,71330,5,1517748
2025-04-19,Organic,40s,Male,10941,400,208043,31,1782157
2025-04-19,Google,40s,Female,15529,308,289817,18,941278
2025-04-19,Google,20s,Male,12037,192,254468,26,435122
2025-04-19,Facebook,30s,Female,5949,378,103908,20,708057
2025-04-20,Google,40s,Male,8849,843,268550,43,780151
2025-04-20,Google,30s,Male,8080,808,267146,24,617592
2025-04-20,Facebook,20s,Female,15110,929,61537,46,1489869
2025-04-20,Google,40s,Male,16346,810,274655,13,1266624
2025-04-20,Naver,30s,Male,10189,910,207214,16,1440779
2025-04-20,Naver,20s,Female,8887,888,221263,16,506170
2025-04-20,Facebook,20s,Male,15479,470,101074,3,549106
2025-04-20,Organic,50s+,Female,15710,170,232582,27,1501093
2025-04-20,Naver,20s,Male,18931,722,232980,23,286345
2025-04-20,Facebook,50s+,Female,13483,327,195760,10,1106359
2025-04-20,Naver,30s,Female,18877,991,164744,24,397970
2025-04-20,Google,20s,Female,15356,196,297891,37,885892
2025-04-20,Google,30s,Male,19005,711,228146,32,1857416
2025-04-20,Google,40s,Female,7153,715,60886,14,1451157
2025-04-20,Organic,20s,Female,7057,449,182526,11,945389
2025-04-20,Facebook,40s,Female,12369,115,239405,1,1502526
2025-04-20,Google,50s+,Female,15802,999,108946,8,1293074
2025-04-20,Google,20s,Male,11105,810,236706,33,1474170
2025-04-20,Naver,40s,Female,8280,582,170288,41,822664
2025-04-20,Facebook,20s,Female,9344,546,136876,30,1344099
2025-04-20,Google,50s+,Male,10056,587,50402,44,1781600
2025-04-20,Naver,50s+,Female,7993,799,167246,48,914328
2025-04-20,Google,50s+,Male,12273,713,152929,17,1524531
2025-04-20,Naver,50s+,Female,13198,756,55902,15,1360702
2025-04-20,Facebook,50s+,Female,13111,315,209043,44,967832
2025-04-20,Naver,30s,Male,7507,226,64157,5,324684
2025-04-20,Facebook,40s,Male,12817,286,90505,34,515773
2025-04-20,Naver,20s,Male,10663,374,275054,49,650913
2025-04-20,Organic,30s,Male,5245,524,63391,3,1139859
2025-04-20,Google,30s,Male,10176,867,234383,42,1856003
2025-04-21,Naver,30s,Male,9371,842,113887,4,630208
2025-04-21,Naver,50s+,Female,12767,365,83636,22,602541
2025-04-21,Naver,50s+,Male,5635,226,200837,42,917492
2025-04-21,Facebook,30s,Female,13259,247,68604,1,161285
2025-04-21,Organic,50s+,Male,12007,968,225050,13,271278
2025-04-21,Naver,40s,Male,6932,362,75498,17,1059699
2025-04-21,Naver,30s,Male,12429,271,96400,22,1057594
2025-04-21,Naver,30s,Female,18218,544,291807,13,170481
2025-04-21,Naver,20s,Female,18558,572,81285,15,1246879
2025-04-21,Instagram,20s,Male,19293,116,174547,13,560767
2025-04-21,Facebook,30s,Female,13071,284,170019,27,1344788
2025-04-21,Facebook,30s,Male,17144,665,238909,26,1887060
2025-04-21,Naver,30s,Male,19263,471,55468,44,1009756
2025-04-21,Organic,40s,Male,18631,935,53619,14,1756492
2025-04-21,Facebook,50s+,Male,17876,484,292851,14,1754357
2025-04-21,Instagram,40s,Female,17733,656,150488,12,1137752
2025-04-21,Google,40s,Female,7706,352,89087,21,1696102
2025-04-21,Google,40s,Female,17620,894,117093,37,1477359
2025-04-21,Google,50s+,Female,11381,564,178103,20,196498
2025-04-21,Organic,40s,Male,17410,297,219101,23,727241
2025-04-21,Facebook,50s+,Female,12483,108,212928,21,1699601
2025-04-21,Google,50s+,Female,19766,678,211127,41,1728406
2025-04-21,Naver,40s,Male,9047,447,268321,28,989826
2025-04-21,Facebook,40s,Female,12799,206,227812,24,914717
2025-04-21,Facebook,20s,Female,14185,557,283775,22,1162866
2025-04-21,Naver,50s+,Male,14781,740,122530,33,1733957
2025-04-21,Facebook,30s,Male,10862,182,228160,28,1708567
2025-04-21,Facebook,50s+,Female,12608,212,145709,21,1787120
2025-04-22,Naver,30s,Male,10509,303,239151,15,376534
2025-04-22,Naver,40s,Female,11716,993,264911,33,267232
2025-04-22,Naver,20s,Female,19840,428,97867,3,1793218
2025-04-22,Facebook,50s+,Female,18489,490,204158,43,709073
2025-04-22,Facebook,30s,Male,9133,308,207926,43,1491225
2025-04-22,Organic,40s,Male,15594,306,250966,7,1670405
2025-04-22,Facebook,40s,Female,18817,966,164008,13,1857155
2025-04-22,Google,30s,Female,18582,125,252472,22,489487
2025-04-22,Google,30s,Male,13985,751,271766,15,277578
2025-04-22,Facebook,50s+,Male,16772,382,274780,39,405318
2025-04-22,Google,30s,Male,11893,419,195935,31,703421
2025-04-22,Google,20s,Male,19699,815,209022,37,764004
2025-04-22,Naver,50s+,Male,10185,435,258219,49,948295
2025-04-22,Naver,30s,Male,13224,514,258398,49,144394
2025-04-22,Google,20s,Female,8300,513,254419,31,1822095
2025-04-22,Google,50s+,Female,13351,365,112651,21,1482829
2025-04-22,Naver,30s,Female,12216,635,76949,49,1565586
2025-04-22,Naver,20s,Female,18196,505,200307,24,494929
2025-04-22,Naver,20s,Male,16815,166,266247,33,224057
2025-04-22,Facebook,20s,Female,12667,119,261235,23,407086
2025-04-22,Google,30s,Male,12794,813,173126,24,1540234
2025-04-22,Organic,50s+,Male,8613,816,123111,45,1308846
2025-04-22,Google,30s,Female,14738,620,182073,32,627019
2025-04-22,Facebook,40s,Male,14515,244,206255,34,119608
2025-04-22,Facebook,20s,Male,17043,331,272584,2,1823209
2025-04-22,Naver,20s,Female,19431,461,223994,44,1669918
2025-04-22,Facebook,30s,Male,14991,277,294059,10,1277178
2025-04-22,Google,50s+,Female,6021,602,89524,36,594538
2025-04-22,Google,50s+,Male,10461,396,232507,16,1718092
2025-04-22,Facebook,30s,Male,10453,811,254057,35,309989
2025-04-22,Naver,20s,Male,6724,672,289208,7,632631
2025-04-22,Google,20s,Female,17868,637,89733,38,1808700
2025-04-22,Facebook,20s,Female,19630,299,261377,43,1476656
2025-04-22,Naver,20s,Male,7549,741,185118,21,698713
2025-04-23,Instagram,30s,Male,17254,549,71686,47,1003637
2025-04-23,Facebook,50s+,Male,16381,874,173925,30,437826
2025-04-23,Facebook,40s,Female,19422,987,292766,4,503404
2025-04-23,Naver,40s,Male,8582,286,126263,21,618006
2025-04-23,Facebook,20s,Male,17129,917,269106,19,1658340
2025-04-23,Organic,40s,Female,7241,724,240285,40,805254
2025-04-23,Google,30s,Male,15074,129,80330,21,489115
2025-04-23,Organic,50s+,Female,6561,656,146970,15,635579
2025-04-23,Instagram,30s,Male,11423,472,62546,48,1533750
2025-04-23,Facebook,40s,Male,11371,813,76406,37,754212
2025-04-23,Organic,40s,Female,11553,708,161726,21,475465
2025-04-23,Facebook,40s,Female,12389,293,291652,36,1698888
2025-04-23,Instagram,30s,Male,13957,594,126408,30,1798557
2025-04-23,Google,40s,Female,9901,386,56317,43,543564
2025-04-23,Facebook,20s,Male,17295,748,142506,42,556004
2025-04-23,Naver,20s,Male,10891,474,169853,24,1853671
2025-04-23,Facebook,40s,Male,16337,381,223824,10,310845
2025-04-23,Naver,40s,Male,11602,306,218790,3,1282138
2025-04-23,Facebook,40s,Male,19155,794,194388,27,1871734
2025-04-23,Google,50s+,Female,9440,303,110626,32,1157741
2025-04-23,Organic,50s+,Female,19661,149,171065,8,1770782
2025-04-23,Google,50s+,Male,7399,739,77858,34,101556
2025-04-23,Instagram,30s,Female,10728,496,187745,43,462948
2025-04-23,Google,40s,Female,10949,982,276554,27,922222
2025-04-23,Facebook,30s,Male,17888,262,89643,22,1783609
2025-04-23,Naver,40s,Male,14211,857,290169,26,634267
2025-04-23,Organic,20s,Female,14941,514,103060,40,1400350
2025-04-24,Naver,20s,Male,5360,536,221429,27,1876778
2025-04-24,Google,20s,Male,8018,644,212284,19,729986
2025-04-24,Google,50s+,Male,14194,543,264468,18,1620377
2025-04-24,Facebook,40s,Female,9001,836,297399,18,1230374
2025-04-24,Facebook,20s,Female,6199,168,159280,25,168018
2025-04-24,Facebook,50s+,Female,10438,961,155349,31,1598065
2025-04-24,Facebook,20s,Female,8619,144,123950,28,345689
2025-04-24,Naver,40s,Male,12636,824,256710,41,1263879
2025-04-24,Google,50s+,Male,8820,311,76622,12,778652
2025-04-24,Instagram,50s+,Male,17850,354,98861,23,1904354
2025-04-24,Facebook,40s,Male,13007,868,205296,18,1702775
2025-04-24,Facebook,40s,Female,11392,681,237807,8,525336
2025-04-24,Naver,40s,Female,8284,487,103897,8,465350
2025-04-24,Organic,30s,Female,19877,333,82743,18,1978674
2025-04-24,Instagram,40s,Male,16203,921,159740,14,888660
2025-04-24,Naver,30s,Male,7724,699,140814,32,1339930
2025-04-24,Facebook,50s+,Male,10183,778,133182,21,1654179
2025-04-24,Naver,20s,Female,9637,883,70134,9,208865
2025-04-24,Organic,30s,Female,13910,646,258702,20,500143
2025-04-24,Google,30s,Female,18514,464,187292,2,760169
2025-04-24,Instagram,20s,Male,12835,843,137991,35,318449
2025-04-24,Google,50s+,Female,12251,816,119824,17,196674
2025-04-24,Naver,40s,Male,11491,403,100636,14,162686
2025-04-24,Google,30s,Female,19906,650,152580,2,505466
2025-04-25,Google,20s,Female,7034,703,208135,21,480880
2025-04-25,Facebook,50s+,Female,8600,656,297597,33,1494124
2025-04-25,Google,20s,Female,13162,639,187143,28,209357
2025-04-25,Google,30s,Male,15277,834,86452,44,1149943
2025-04-25,Facebook,20s,Female,10979,510,178610,19,675768
2025-04-25,Instagram,30s,Female,15625,964,105626,45,1252885
2025-04-25,Organic,20s,Male,6746,674,115743,39,504523
2025-04-25,Organic,20s,Female,16747,949,106586,11,1764198
2025-04-25,Facebook,50s+,Male,8802,435,59989,19,1705881
2025-04-25,Naver,50s+,Female,11908,715,71164,37,823562
2025-04-25,Facebook,40s,Male,11691,929,92895,36,1702661
2025-04-25,Organic,20s,Female,8359,149,203978,15,1265644
2025-04-25,Organic,30s,Female,18361,553,82776,10,1054999
2025-04-25,Naver,50s+,Male,8597,470,86602,48,1977614
2025-04-25,Facebook,20s,Male,7021,462,118857,12,434305
2025-04-25,Facebook,50s+,Male,12108,395,177176,20,282065
2025-04-25,Naver,30s,Female,9617,961,240558,25,628802
2025-04-25,Google,40s,Female,14710,155,152829,7,1179243
2025-04-25,Organic,20s,Female,6550,225,125735,21,504847
2025-04-25,Google,40s,Male,18738,493,258185,1,1129458
2025-04-25,Facebook,50s+,Female,11819,713,90453,2,1256343
2025-04-25,Organic,30s,Male,19987,276,153138,27,298330
2025-04-25,Facebook,50s+,Male,17960,471,70723,18,1893801
2025-04-25,Naver,30s,Female,17798,200,212128,6,1261827
2025-04-25,Facebook,50s+,Female,15729,467,254556,22,1696453
2025-04-25,Naver,50s+,Male,19490,227,128730,11,1809854
2025-04-25,Facebook,40s,Female,15540,997,146788,15,1088578
2025-04-25,Facebook,50s+,Female,12835,634,278790,25,1837725
2025-04-26,Facebook,30s,Female,8770,342,165388,37,548144
2025-04-26,Google,40s,Female,19765,106,171144,8,756664
2025-04-26,Google,40s,Female,6706,455,162786,49,1536955
2025-04-26,Naver,30s,Female,19768,114,259370,6,226409
2025-04-26,Facebook,50s+,Male,12057,341,133378,2,1626614
2025-04-26,Naver,40s,Male,19107,461,65397,14,1903145
2025-04-26,Google,40s,Female,5001,175,263340,27,817773
2025-04-26,Naver,30s,Male,12386,955,68519,1,1137066
2025-04-26,Facebook,50s+,Male,11266,810,263971,28,1916716
2025-04-26,Instagram,50s+,Female,8275,132,121582,9,1210032
2025-04-26,Google,50s+,Female,11642,776,97949,11,1157413
2025-04-26,Naver,30s,Male,9701,419,269884,45,1987271
2025-04-26,Facebook,50s+,Male,10766,520,255527,39,1378392
2025-04-26,Naver,40s,Female,10771,561,176705,5,326649
2025-04-26,Google,50s+,Female,19732,709,133961,5,1441086
2025-04-26,Facebook,40s,Female,9722,271,284730,25,442102
2025-04-26,Google,40s,Male,11908,620,208064,39,889975
2025-04-26,Facebook,20s,Female,19372,107,207868,7,1141354
2025-04-26,Facebook,20s,Female,9742,187,197094,21,746486
2025-04-26,Google,30s,Female,11577,270,269884,9,1340587
2025-04-26,Organic,30s,Female,7431,743,165702,20,1156991
2025-04-26,Naver,40s,Male,9530,227,129889,32,1230253
2025-04-26,Facebook,40s,Female,15217,621,264183,17,1808476
2025-04-26,Instagram,30s,Male,15739,588,287435,12,1219698
2025-04-26,Naver,20s,Male,11738,902,280410,17,451697
2025-04-26,Google,50s+,Female,8098,116,285116,23,1562172
2025-04-26,Google,30s,Male,14994,531,238574,26,742166
2025-04-26,Facebook,20s,Male,17818,771,58110,8,580687
2025-04-26,Facebook,30s,Female,19215,699,285699,12,683465
2025-04-26,Naver,50s+,Male,13787,302,245851,29,149690
2025-04-26,Facebook,40s,Female,17791,717,274053,44,1350420
2025-04-26,Facebook,50s+,Female,8986,582,168101,18,1017160
2025-04-26,Facebook,20s,Male,14114,146,235292,29,114635
2025-04-26,Facebook,30s,Female,18345,242,173980,36,1577896
2025-04-26,Google,50s+,Male,5517,170,190959,16,1464173
2025-04-26,Naver,20s,Male,17504,275,281935,13,1121852
2025-04-26,Facebook,30s,Female,9978,390,226765,49,1091034
2025-04-26,Google,50s+,Male,12670,344,297590,33,1767900
2025-04-27,Facebook,50s+,Male,17461,828,143481,34,1385048
2025-04-27,Instagram,50s+,Male,18522,453,289512,20,1194986
2025-04-27,Facebook,20s,Female,19197,459,279010,49,1747312
2025-04-27,Instagram,30s,Male,12408,753,216939,29,635117
2025-04-27,Naver,50s+,Male,9039,342,140571,22,713281
2025-04-27,Naver,50s+,Female,7459,738,124010,37,1273900
2025-04-27,Facebook,20s,Male,8776,555,143150,9,1734114
2025-04-27,Facebook,20s,Female,14027,737,290050,22,952853
2025-04-27,Organic,20s,Male,17715,159,62045,28,512848
2025-04-27,Naver,20s,Female,11435,365,183834,9,702506
2025-04-27,Naver,30s,Male,5071,299,182174,24,1073460
2025-04-27,Facebook,20s,Male,16170,597,111628,4,1668433
2025-04-27,Facebook,20s,Male,13911,549,106523,42,1042173
2025-04-27,Instagram,20s,Male,14117,102,196515,20,658474
2025-04-27,Instagram,30s,Male,16187,904,162285,39,575205
2025-04-27,Google,20s,Male,15025,676,270235,30,1076630
2025-04-27,Organic,30s,Female,6669,666,177500,5,280056
2025-04-27,Google,30s,Male,13470,159,126000,30,745633
2025-04-27,Naver,50s+,Female,9757,228,221757,42,1702742
2025-04-27,Google,40s,Female,18897,778,282378,27,692171
2025-04-27,Organic,30s,Male,9045,601,59058,40,584605
2025-04-27,Naver,20s,Male,15882,836,296400,5,1813015
2025-04-27,Facebook,50s+,Female,11313,593,285506,18,1504381
2025-04-28,Google,30s,Male,8242,399,195673,10,1851940
2025-04-28,Facebook,40s,Female,16143,875,212686,34,1803860
2025-04-28,Google,20s,Male,18574,957,66576,44,283533
2025-04-28,Organic,20s,Female,7718,276,87349,49,330840
2025-04-28,Google,30s,Female,5272,308,192847,31,814468
2025-04-28,Naver,50s+,Female,13119,631,128628,16,1720418
2025-04-28,Google,50s+,Female,14043,264,53761,20,1882717
2025-04-28,Instagram,20s,Female,10239,456,196789,39,1247990
2025-04-28,Google,50s+,Male,17172,331,83898,33,1284023
2025-04-28,Facebook,30s,Female,16320,253,164586,13,172231
2025-04-28,Naver,40s,Male,15589,430,108961,30,908678
2025-04-28,Facebook,50s+,Male,12403,341,203257,41,444727
2025-04-28,Google,50s+,Female,15663,453,198350,24,1815954
2025-04-28,Facebook,40s,Female,8312,736,188271,47,831182
2025-04-28,Organic,30s,Female,8604,812,187724,9,1718275
2025-04-28,Facebook,30s,Female,17150,476,114423,47,953032
2025-04-28,Facebook,20s,Male,11961,710,85855,48,958153
2025-04-28,Naver,40s,Female,12298,487,96375,34,1908928
2025-04-28,Facebook,50s+,Male,13476,489,140111,24,1868491
2025-04-28,Google,40s,Male,15947,776,165170,44,510521
2025-04-28,Facebook,40s,Male,13858,495,235086,17,636451
2025-04-28,Google,40s,Male,9309,547,157011,22,1991686
2025-04-28,Facebook,20s,Female,19363,955,186646,9,1974982
2025-04-28,Google,20s,Male,17971,554,123966,30,1446551
2025-04-28,Naver,30s,Male,15136,824,181634,44,1081838
2025-04-28,Organic,40s,Male,13550,861,266129,35,918051
2025-04-28,Facebook,20s,Female,14830,820,67454,23,194580
2025-04-28,Facebook,50s+,Female,10430,645,50503,39,723376
2025-04-28,Facebook,20s,Male,7950,795,214651,27,1164944
2025-04-28,Instagram,50s+,Male,17190,716,114124,42,922313
2025-04-28,Google,40s,Female,6381,415,219394,36,1950313
2025-04-28,Google,20s,Male,14352,905,281859,5,924693
2025-04-29,Google,20s,Male,18044,303,171099,20,715264
2025-04-29,Google,30s,Male,9842,340,67070,19,303689
2025-04-29,Naver,40s,Male,9354,498,115378,18,1950939
2025-04-29,Google,50s+,Male,17845,140,183171,28,1026215
2025-04-29,Google,30s,Female,13956,286,95442,44,1232487
2025-04-29,Facebook,30s,Male,10589,652,248646,39,1334200
2025-04-29,Organic,40s,Male,12116,532,214617,25,1061129
2025-04-29,Instagram,50s+,Male,11657,756,78302,30,212126
2025-04-29,Facebook,40s,Male,11343,613,103540,24,1805658
2025-04-29,Naver,30s,Male,8187,447,52442,45,1646338
2025-04-29,Naver,30s,Male,18044,348,138334,33,1213470
2025-04-29,Facebook,20s,Female,10724,959,111948,23,1895907
2025-04-29,Google,50s+,Male,19658,854,79570,29,1106851
2025-04-29,Facebook,30s,Female,6093,609,114890,15,1237994
2025-04-29,Organic,40s,Male,9623,890,197248,7,1792240
2025-04-29,Google,50s+,Male,13243,901,284715,46,1549908
2025-04-29,Google,40s,Female,13264,301,182680,10,1473748
2025-04-29,Organic,20s,Male,12994,619,266304,7,522977
2025-04-29,Google,30s,Male,18710,751,77355,22,579340
2025-04-29,Google,30s,Female,9813,753,166990,47,1155633
2025-04-29,Naver,20s,Female,18141,683,168999,44,1518317
2025-04-29,Facebook,30s,Female,14053,459,262740,16,1984041
2025-04-29,Naver,50s+,Male,18890,132,150438,7,917529
2025-04-29,Google,30s,Male,10620,954,121471,45,1177584
2025-04-29,Google,40s,Male,7128,506,100527,2,1290814
2025-04-29,Instagram,50s+,Female,12388,654,294465,30,971076
2025-04-30,Facebook,20s,Female,9514,740,184841,14,499551
2025-04-30,Facebook,30s,Female,7387,738,209505,20,1617689
2025-04-30,Facebook,50s+,Female,11630,649,103908,33,1261657
2025-04-30,Google,50s+,Male,14550,520,110332,33,219378
2025-04-30,Google,40s,Female,18199,274,189295,49,1863825
2025-04-30,Naver,40s,Female,12211,193,116424,1,702057
2025-04-30,Naver,20s,Male,9041,412,123487,30,1106740
2025-04-30,Facebook,50s+,Male,19120,984,115392,36,1930912
2025-04-30,Instagram,30s,Male,5663,566,299146,8,1616706
2025-04-30,Naver,40s,Male,15696,147,100103,1,1227943
2025-04-30,Facebook,20s,Male,18514,886,237321,32,949401
2025-04-30,Google,20s,Female,15722,675,277783,24,433961
2025-04-30,Facebook,30s,Male,6626,662,173073,47,1590997
2025-04-30,Instagram,50s+,Female,11393,791,216392,46,1556811
2025-04-30,Naver,50s+,Male,16714,584,73287,19,1878719
2025-04-30,Facebook,30s,Male,7034,703,108853,29,774557
2025-04-30,Google,30s,Male,16980,761,257292,29,1154518
2025-04-30,Naver,30s,Male,16843,808,235132,2,1408574
2025-04-30,Google,50s+,Female,11304,893,216822,30,1574476
2025-04-30,Google,20s,Female,14665,754,93597,42,308099
2025-04-30,Facebook,30s,Female,11531,640,214003,30,1276327
2025-04-30,Google,20s,Male,10642,341,211060,46,1627356
2025-04-30,Facebook,20s,Male,18194,206,299894,28,730326
2025-04-30,Google,30s,Female,19258,396,67844,35,1197793
2025-04-30,Facebook,30s,Male,9120,292,140922,13,1504985
2025-04-30,Google,30s,Female,17378,944,182503,25,1311712
2025-04-30,Naver,20s,Female,9269,352,298876,26,1038385
2025-04-30,Naver,20s,Male,17915,142,155346,2,1841232
2025-05-01,Facebook,30s,Male,18143,562,159284,1,1447001
2025-05-01,Instagram,20s,Female,11898,702,99947,12,630605
2025-05-01,Facebook,20s,Male,8646,190,193627,24,862863
2025-05-01,Facebook,50s+,Female,8188,110,177693,13,1820669
2025-05-01,Facebook,50s+,Male,18619,609,223431,12,1555824
2025-05-01,Facebook,30s,Female,13904,632,130716,10,1990460
2025-05-01,Google,30s,Female,14056,940,231605,15,1704651
2025-05-01,Facebook,20s,Female,17855,536,247126,3,1772586
2025-05-01,Instagram,20s,Male,5595,332,278786,16,1395800
2025-05-01,Facebook,50s+,Male,11041,238,299504,44,1990009
2025-05-01,Naver,40s,Male,13788,531,276555,1,1822347
2025-05-01,Instagram,30s,Male,6229,622,293288,24,1265760
2025-05-01,Facebook,50s+,Female,13572,133,155702,12,115568
2025-05-01,Google,20s,Male,13970,996,255686,10,1397640
2025-05-01,Naver,30s,Male,15429,624,268967,11,1574615
2025-05-01,Google,30s,Female,12664,516,272589,2,1644198
2025-05-01,Organic,50s+,Male,15068,348,125363,32,250785
2025-05-01,Facebook,40s,Female,5405,263,103098,28,1079475
2025-05-01,Google,50s+,Male,19456,708,240039,14,875864
2025-05-01,Naver,50s+,Male,18476,623,73116,19,1840463
2025-05-01,Facebook,50s+,Male,6588,658,210461,45,1079326
2025-05-01,Google,20s,Female,8422,469,189437,12,950374
2025-05-01,Facebook,40s,Female,8230,127,153148,25,280620
2025-05-01,Instagram,30s,Male,16553,657,187295,3,928638
2025-05-01,Facebook,30s,Male,17573,179,288712,12,1111317
2025-05-02,Google,40s,Male,9617,153,114140,30,848637
2025-05-02,Facebook,40s,Female,18963,482,89559,34,1886419
2025-05-02,Google,40s,Female,12425,355,114264,10,729995
2025-05-02,Google,20s,Female,7481,433,125648,45,1351048
2025-05-02,Naver,20s,Female,14150,168,297681,24,430532
2025-05-02,Google,20s,Female,14649,105,158298,21,886874
2025-05-02,Naver,30s,Female,12265,882,261297,46,1535938
2025-05-02,Facebook,20s,Female,17110,929,143941,3,1740681
2025-05-02,Facebook,40s,Female,12980,194,207771,31,1907463
2025-05-02,Facebook,20s,Female,13065,872,272946,14,1844267
2025-05-02,Facebook,40s,Female,9813,756,169510,28,217429
2025-05-02,Google,20s,Female,13805,503,118960,26,1447774
2025-05-02,Instagram,30s,Male,11969,172,137019,31,472405
2025-05-02,Organic,20s,Male,14231,392,251219,47,1596065
2025-05-02,Facebook,20s,Female,12601,176,85402,31,706769
2025-05-02,Google,20s,Female,15688,400,131799,15,1636520
2025-05-02,Naver,30s,Male,18695,597,292883,41,100440
2025-05-02,Instagram,50s+,Female,17903,335,267764,25,162015
2025-05-02,Facebook,50s+,Female,14554,671,170497,25,1358177
2025-05-02,Organic,30s,Male,9998,506,230848,38,226084
2025-05-02,Facebook,20s,Male,14345,173,129058,34,505003
2025-05-02,Organic,40s,Male,8948,617,197709,32,454932
2025-05-02,Naver,50s+,Female,14180,369,138203,32,774985
2025-05-02,Instagram,50s+,Female,14499,259,241507,34,1422794
2025-05-03,Organic,30s,Female,7319,731,277953,20,1616046
2025-05-03,Naver,30s,Male,15120,841,296388,28,656796
2025-05-03,Naver,50s+,Male,8979,131,173881,26,929482
2025-05-03,Facebook,20s,Male,11386,479,185307,31,1508951
2025-05-03,Google,30s,Male,18114,224,202267,38,683899
2025-05-03,Google,20s,Female,6703,670,119648,15,1637695
2025-05-03,Naver,40s,Male,17496,341,143478,4,420953
2025-05-03,Google,40s,Male,7800,779,94548,16,1599440
2025-05-03,Google,30s,Male,13725,400,202492,47,1809908
2025-05-03,Facebook,30s,Male,17569,740,245657,5,686189
2025-05-03,Facebook,50s+,Male,11265,473,198721,40,1257760
2025-05-03,Google,40s,Male,5122,512,158502,18,562494
2025-05-03,Google,20s,Male,11591,834,207797,18,1824668
2025-05-03,Facebook,40s,Male,17120,726,95057,34,1870420
2025-05-03,Facebook,20s,Female,17836,325,156428,15,126536
2025-05-03,Instagram,20s,Male,8460,456,281342,16,1145400
2025-05-03,Google,30s,Male,10982,182,103548,31,1950286
2025-05-03,Naver,40s,Female,11322,999,155438,34,952441
2025-05-03,Naver,50s+,Male,18086,144,133998,28,336725
2025-05-03,Naver,50s+,Female,17214,520,101419,5,638031
2025-05-03,Organic,30s,Male,9635,500,299992,4,1303705
2025-05-03,Facebook,20s,Male,16808,868,167142,13,1915975
2025-05-03,Instagram,20s,Male,9394,885,228933,16,1297673
2025-05-03,Google,50s+,Female,15215,424,291974,14,1199624
2025-05-03,Google,20s,Female,17545,902,246543,15,724777
2025-05-03,Instagram,20s,Female,5850,269,75689,27,504534
2025-05-03,Instagram,50s+,Female,16478,879,227492,6,1156464
2025-05-03,Naver,50s+,Female,15777,296,245048,26,1346881
2025-05-03,Google,40s,Female,18145,172,199016,34,445191
2025-05-03,Google,40s,Male,6214,260,293228,40,776952
2025-05-03,Facebook,50s+,Female,8872,496,162172,41,490300
2025-05-03,Google,20s,Female,13735,745,298904,7,258251
2025-05-03,Organic,20s,Female,13498,728,227834,29,1752453
2025-05-03,Google,50s+,Female,19208,592,149798,11,326731
2025-05-03,Naver,40s,Female,7657,373,228655,17,961511
2025-05-04,Facebook,40s,Female,13098,994,196226,32,1297361
2025-05-04,Instagram,50s+,Female,14322,478,113106,21,582217
2025-05-04,Google,20s,Male,16929,570,131484,36,396976
2025-05-04,Google,40s,Male,15605,578,66459,20,1703132
2025-05-04,Facebook,50s+,Female,5716,147,202674,29,1190920
2025-05-04,Google,30s,Male,13880,232,149432,46,841753
2025-05-04,Google,30s,Male,16586,897,281045,33,188042
2025-05-04,Google,40s,Male,12294,602,177881,33,1417087
2025-05-04,Naver,20s,Male,18143,536,199874,19,1878106
2025-05-04,Facebook,20s,Female,15982,401,143614,43,604671
2025-05-04,Instagram,30s,Female,9096,212,160516,34,1112356
2025-05-04,Facebook,20s,Female,14658,104,152430,19,126193
2025-05-04,Naver,50s+,Female,6318,631,61533,48,1957876
2025-05-04,Facebook,40s,Male,14042,481,211379,32,1083208
2025-05-04,Organic,20s,Female,10638,744,243760,46,713734
2025-05-04,Naver,40s,Male,13939,299,178713,42,1033695
2025-05-04,Instagram,50s+,Male,13214,767,86377,11,180554
2025-05-04,Organic,20s,Female,12771,838,281670,29,1071109
2025-05-04,Google,40s,Female,16142,634,76051,38,1796233
2025-05-04,Naver,20s,Male,8713,532,228742,11,381953
2025-05-04,Organic,30s,Female,17544,876,183301,3,1214674
2025-05-04,Naver,40s,Male,6750,675,66059,3,1997155
2025-05-04,Instagram,20s,Female,16794,386,242244,1,1897019
2025-05-04,Organic,30s,Female,6818,298,88568,35,1036198
2025-05-04,Facebook,30s,Male,9574,765,185955,30,522300
2025-05-04,Facebook,50s+,Female,7064,706,293347,47,1227552
2025-05-04,Google,50s+,Male,18601,765,159426,48,452802
2025-05-04,Naver,30s,Female,13532,678,188384,48,1873807
2025-05-04,Organic,40s,Female,6278,627,209815,21,582910
2025-05-05,Naver,30s,Male,11737,636,115081,2,1582837
2025-05-05,Google,30s,Male,16979,769,203560,47,1323727
2025-05-05,Google,40s,Female,10583,743,195645,23,1238053
2025-05-05,Naver,20s,Male,16408,150,241840,30,1431380
2025-05-05,Naver,50s+,Male,11640,998,72728,25,381442
2025-05-05,Google,20s,Male,14730,830,103005,27,365606
2025-05-05,Google,20s,Female,11340,285,299604,7,1042498
2025-05-05,Naver,50s+,Female,18217,854,202401,22,1327304
2025-05-05,Google,50s+,Male,13617,804,133838,46,783721
2025-05-05,Facebook,40s,Male,12129,337,75898,9,776191
2025-05-05,Google,40s,Male,18704,968,257610,8,1867846
2025-05-05,Google,20s,Male,6547,654,264021,45,690465
2025-05-05,Facebook,50s+,Male,6589,286,78457,40,465588
2025-05-05,Naver,30s,Male,9090,325,193193,28,1397638
2025-05-05,Google,40s,Male,19212,448,273378,13,318824
2025-05-05,Naver,20s,Female,14704,695,220207,23,1563540
2025-05-05,Google,40s,Male,8383,692,247529,18,811869
2025-05-05,Naver,40s,Female,8200,563,200614,45,1566353
2025-05-05,Naver,40s,Female,8289,605,249200,36,124564
2025-05-05,Instagram,50s+,Male,7889,788,280125,44,506424
2025-05-05,Naver,20s,Female,19270,706,121823,48,1192070
2025-05-05,Facebook,50s+,Male,16151,811,171910,12,1870943
2025-05-05,Organic,40s,Female,7736,728,56636,41,1388334
2025-05-05,Naver,20s,Male,17442,792,217758,1,1705892
2025-05-05,Organic,40s,Female,18569,790,121900,44,1820142
2025-05-05,Naver,50s+,Female,9892,116,208937,23,1224053
2025-05-06,Naver,30s,Female,6052,522,210513,34,1826744
2025-05-06,Instagram,30s,Male,17483,196,184347,7,1255593
2025-05-06,Google,50s+,Male,16302,307,54781,7,892902
2025-05-06,Naver,30s,Female,12642,460,284563,30,1187831
2025-05-06,Naver,30s,Male,10819,535,288507,17,1497378
2025-05-06,Facebook,20s,Male,18695,739,281008,12,741852
2025-05-06,Naver,20s,Male,6874,350,55219,29,1432904
2025-05-06,Naver,40s,Male,15000,716,109810,2,1091845
2025-05-06,Naver,50s+,Male,15558,332,100607,18,1075871
2025-05-06,Naver,50s+,Male,16411,508,224624,15,362802
2025-05-06,Instagram,20s,Male,18324,381,272745,28,701170
2025-05-06,Google,50s+,Female,16747,270,264085,22,1657853
2025-05-06,Facebook,50s+,Female,16332,666,279523,23,1826270
2025-05-06,Instagram,50s+,Female,17884,717,53872,39,288938
2025-05-06,Facebook,30s,Female,5812,581,156072,17,1939125
2025-05-06,Google,50s+,Male,12057,960,261301,11,1836585
2025-05-06,Naver,40s,Male,17274,174,247080,5,498785
2025-05-06,Naver,20s,Female,14635,608,140184,29,1593470
2025-05-06,Facebook,40s,Male,5935,220,142513,33,182028
2025-05-06,Facebook,50s+,Male,17627,163,250320,32,1826667
2025-05-06,Naver,20s,Female,13507,184,197494,26,305588
2025-05-06,Google,50s+,Female,19842,117,297873,23,1738513
2025-05-06,Google,40s,Female,13033,144,160046,24,116786
2025-05-06,Google,30s,Male,11780,752,53055,1,1336277
2025-05-06,Instagram,50s+,Male,17775,559,266702,15,1307448
2025-05-06,Facebook,40s,Male,13397,300,289497,23,435113
2025-05-06,Instagram,50s+,Male,6929,692,225082,47,811420
2025-05-06,Facebook,30s,Male,13245,773,199999,37,405294
2025-05-07,Facebook,20s,Male,8705,339,69003,11,1806067
2025-05-07,Google,50s+,Female,19102,683,114264,48,1010271
2025-05-07,Google,40s,Female,12792,565,200887,47,1422857
2025-05-07,Facebook,50s+,Female,17815,618,224028,49,486180
2025-05-07,Google,50s+,Male,12292,191,221932,37,438527
2025-05-07,Facebook,50s+,Female,13470,155,63290,30,1150685
2025-05-07,Facebook,40s,Male,9816,905,195332,36,328226
2025-05-07,Instagram,40s,Male,12766,268,190956,16,201975
2025-05-07,Google,30s,Male,10339,443,190110,27,456525
2025-05-07,Instagram,20s,Male,17221,203,134319,40,1281847
2025-05-07,Naver,40s,Female,16703,505,266106,26,1249643
2025-05-07,Facebook,20s,Male,15084,920,97239,17,644881
2025-05-07,Google,40s,Male,10490,470,97502,18,667424
2025-05-07,Google,20s,Female,15860,666,58731,30,745167
2025-05-07,Google,30s,Female,18191,401,130691,1,415161
2025-05-07,Google,30s,Female,8329,826,108049,21,378371
2025-05-07,Google,20s,Male,15447,212,226371,23,1733318
2025-05-07,Naver,20s,Female,16412,147,89894,27,1903000
2025-05-07,Facebook,40s,Female,10878,884,66836,49,1905054
2025-05-07,Google,50s+,Female,5845,338,169133,9,957514
2025-05-07,Facebook,40s,Female,9965,565,179173,44,1893656
2025-05-07,Naver,40s,Male,6177,291,283244,21,1829190
2025-05-07,Facebook,40s,Female,16197,824,160580,8,1703013
2025-05-07,Organic,30s,Female,19521,539,228289,4,725615
2025-05-07,Naver,20s,Male,19871,785,82425,47,216943
2025-05-07,Naver,50s+,Male,7837,748,106303,45,936338
2025-05-07,Instagram,50s+,Male,14705,286,216762,31,1157887
2025-05-07,Naver,30s,Male,7642,477,93422,34,112694
2025-05-07,Naver,30s,Female,15142,421,227632,47,1275665
2025-05-08,Google,50s+,Female,7925,297,68782,40,110272
2025-05-08,Google,20s,Male,12511,120,219862,7,1565282
2025-05-08,Google,20s,Male,7518,751,225906,3,1285323
2025-05-08,Facebook,50s+,Female,19308,252,136725,7,1856653
2025-05-08,Naver,20s,Male,14091,456,177221,20,354664
2025-05-08,Google,50s+,Male,5384,126,111068,25,1219293
2025-05-08,Facebook,30s,Female,17991,239,163442,17,1894970
2025-05-08,Facebook,20s,Male,5807,580,138625,12,747895
2025-05-08,Facebook,20s,Male,19971,424,79511,3,206506
2025-05-08,Google,30s,Female,17971,577,215879,14,909844
2025-05-08,Instagram,30s,Female,5076,306,111697,31,775232
2025-05-08,Facebook,30s,Male,12196,670,201233,17,1170859
2025-05-08,Google,20s,Female,19478,382,269020,18,842785
2025-05-08,Facebook,20s,Female,15111,976,52569,42,1090309
2025-05-08,Facebook,30s,Female,13300,926,134739,5,1187711
2025-05-08,Naver,50s+,Male,19887,672,87992,33,711541
2025-05-08,Naver,30s,Female,7622,620,199169,35,165953
2025-05-08,Google,30s,Male,9314,379,221520,23,487459
2025-05-08,Google,40s,Female,19504,843,203167,2,979099
2025-05-08,Facebook,50s+,Female,17283,367,148254,36,1459166
2025-05-08,Google,50s+,Male,5518,206,83875,4,1346390
2025-05-08,Google,30s,Male,9409,866,196120,24,558967
2025-05-08,Facebook,20s,Female,18361,284,233783,10,1227282
2025-05-08,Instagram,40s,Female,10188,228,217671,38,1791071
2025-05-09,Organic,50s+,Female,6883,572,63595,8,1263547
2025-05-09,Naver,40s,Male,19098,144,76826,28,1252005
2025-05-09,Facebook,50s+,Female,19481,817,243949,11,753145
2025-05-09,Google,40s,Male,6303,630,279384,31,1291440
2025-05-09,Google,40s,Male,10169,556,223437,15,681970
2025-05-09,Instagram,40s,Male,5428,542,239509,39,376869
2025-05-09,Naver,50s+,Male,12992,279,296776,7,1139495
2025-05-09,Instagram,40s,Male,7567,339,58598,17,875004
2025-05-09,Google,50s+,Male,13424,696,68317,8,1945660
2025-05-09,Organic,50s+,Male,5520,312,113516,47,1291722
2025-05-09,Naver,20s,Male,18786,925,152751,13,515982
2025-05-09,Google,50s+,Male,18382,289,172429,25,202149
2025-05-09,Naver,50s+,Male,16154,562,125312,3,1889033
2025-05-09,Naver,30s,Male,12959,733,69216,39,577835
2025-05-09,Facebook,30s,Female,17445,781,80545,45,496337
2025-05-09,Naver,50s+,Female,19102,308,138293,30,764615
2025-05-09,Facebook,20s,Male,13731,756,293608,37,1599357
2025-05-09,Naver,40s,Male,16717,102,132909,6,631343
2025-05-09,Google,40s,Male,12776,233,253970,45,1124784
2025-05-09,Facebook,40s,Male,12892,667,299699,3,1152669
2025-05-09,Organic,50s+,Male,19565,417,252133,23,416823
2025-05-09,Organic,30s,Male,12408,556,79488,1,496209
2025-05-09,Organic,30s,Male,12761,914,247752,7,523597
2025-05-09,Facebook,20s,Female,14501,442,118111,14,1284154
2025-05-09,Naver,50s+,Female,13854,888,265883,37,919712
2025-05-09,Facebook,20s,Female,5434,543,233719,47,1018292
2025-05-09,Naver,20s,Male,17484,400,203492,30,1387579
2025-05-09,Naver,20s,Female,17507,396,191819,47,1551617
2025-05-09,Naver,30s,Female,11128,199,71534,39,1596455
2025-05-09,Naver,40s,Male,7755,519,163099,44,1674153
2025-05-10,Naver,30s,Female,16346,307,160149,42,1986335
2025-05-10,Facebook,50s+,Female,12597,329,287079,19,336939
2025-05-10,Facebook,40s,Female,9614,358,58434,12,342094
2025-05-10,Organic,30s,Male,10202,469,139890,7,494850
2025-05-10,Google,20s,Male,16885,633,73289,26,1148557
2025-05-10,Instagram,20s,Female,12794,918,157313,34,655306
2025-05-10,Naver,50s+,Male,19351,109,115655,21,500385
2025-05-10,Organic,40s,Female,11258,937,100288,39,1700006
2025-05-10,Google,30s,Female,9754,574,261845,16,1281028
2025-05-10,Google,40s,Male,9444,343,209984,40,425134
2025-05-10,Naver,20s,Female,16804,430,215440,28,543589
2025-05-10,Facebook,40s,Male,7268,202,138393,12,770965
2025-05-10,Naver,50s+,Female,16316,752,112160,33,1607898
2025-05-10,Facebook,50s+,Female,16081,794,147265,41,1077679
2025-05-10,Google,20s,Female,5145,514,208442,22,1668542
2025-05-10,Google,20s,Female,15741,349,64537,16,447695
2025-05-10,Google,50s+,Female,14840,203,76163,4,1155641
2025-05-10,Facebook,20s,Male,17807,607,168237,39,702786
2025-05-10,Google,30s,Male,18829,655,160214,12,1735216
2025-05-10,Facebook,20s,Male,11521,688,207598,14,137140
2025-05-10,Google,20s,Female,5358,535,67772,13,1057216
2025-05-10,Google,30s,Female,8960,211,280637,42,657138
2025-05-10,Organic,30s,Male,7663,470,72895,30,385312
2025-05-10,Naver,50s+,Male,15050,546,268859,5,277101
2025-05-10,Google,30s,Female,16160,212,255634,42,609857
2025-05-10,Facebook,30s,Female,11630,587,125356,35,1494732
2025-05-10,Facebook,50s+,Female,11026,735,286971,43,1504798
2025-05-10,Organic,40s,Male,13798,622,204177,17,1004539
2025-05-10,Instagram,40s,Female,8334,293,175810,7,204251
2025-05-10,Google,30s,Female,16315,758,244508,39,674484
2025-05-10,Naver,50s+,Female,11589,360,76464,34,1086638
2025-05-10,Facebook,40s,Female,18892,782,212420,1,1857135
2025-05-10,Google,20s,Male,9110,499,237043,7,1424125
2025-05-10,Facebook,20s,Female,14295,438,154303,40,1406871
2025-05-10,Facebook,20s,Male,18577,108,77017,21,228534
2025-05-10,Naver,50s+,Female,15773,977,262960,36,1328190
2025-05-10,Naver,30s,Male,14186,220,140267,29,1015754
2025-05-10,Facebook,30s,Female,7987,181,119883,35,1566643
2025-05-11,Google,20s,Male,10703,159,60555,4,184607
2025-05-11,Naver,20s,Male,5939,125,292540,20,1605604
2025-05-11,Facebook,40s,Female,18353,508,220807,28,648963
2025-05-11,Facebook,20s,Female,10599,414,157371,29,1516514
2025-05-11,Google,20s,Female,18307,985,217429,2,856181
2025-05-11,Instagram,40s,Female,6956,695,234070,12,1259775
2025-05-11,Google,40s,Male,13987,446,136775,25,365095
2025-05-11,Facebook,50s+,Female,13224,261,246304,37,985227
2025-05-11,Facebook,20s,Male,16825,830,248105,35,246301
2025-05-11,Google,50s+,Male,11730,431,135556,3,1176928
2025-05-11,Organic,20s,Female,13256,743,270647,46,1313728
2025-05-11,Naver,20s,Male,8151,502,98818,48,1192321
2025-05-11,Google,40s,Female,15111,388,208285,3,641165
2025-05-11,Facebook,40s,Female,7261,489,51298,23,1135596
2025-05-11,Google,20s,Female,15664,360,71626,18,683490
2025-05-11,Instagram,40s,Female,6939,144,283998,28,1228577
2025-05-11,Facebook,20s,Male,18752,145,180418,29,967028
2025-05-11,Facebook,30s,Male,17391,800,248831,36,1867732
2025-05-11,Google,40s,Female,6983,698,159262,26,1863847
2025-05-11,Naver,30s,Male,5349,534,134499,11,611568
2025-05-11,Google,30s,Female,7329,732,201515,23,942537
2025-05-11,Facebook,20s,Male,10578,131,144103,26,126716
2025-05-11,Facebook,50s+,Male,7929,261,128846,40,844137
2025-05-11,Organic,50s+,Female,16451,389,131895,42,592725
2025-05-11,Facebook,40s,Female,11834,861,159372,40,680950
2025-05-11,Naver,30s,Male,11989,130,79059,20,1817537
2025-05-11,Naver,40s,Female,9159,705,253589,28,457232
2025-05-11,Google,30s,Male,7717,771,268108,19,904910
2025-05-11,Naver,40s,Male,12666,688,179290,49,1294985
2025-05-11,Facebook,30s,Male,16170,985,189522,31,628968
2025-05-12,Naver,40s,Male,16618,487,118675,20,1740181
2025-05-12,Naver,50s+,Male,5477,547,145653,16,509813
2025-05-12,Naver,40s,Male,5260,526,241888,6,1789390
2025-05-12,Google,50s+,Male,14684,155,68385,26,1232519
2025-05-12,Facebook,20s,Male,18690,980,287797,22,180283
2025-05-12,Naver,50s+,Male,11935,229,104491,20,1748445
2025-05-12,Facebook,50s+,Male,14649,838,99620,45,306026
2025-05-12,Facebook,20s,Male,14700,891,74347,26,587273
2025-05-12,Facebook,20s,Female,19308,709,226457,24,1440375
2025-05-12,Instagram,50s+,Female,14962,272,202690,38,1883862
2025-05-12,Google,40s,Male,19089,703,272806,15,390058
2025-05-12,Naver,30s,Female,10548,623,145377,20,695569
2025-05-12,Naver,50s+,Male,14576,987,287218,6,1686614
2025-05-12,Instagram,50s+,Male,6829,674,232455,40,1143485
2025-05-12,Organic,40s,Female,13431,748,64681,27,957225
2025-05-12,Google,50s+,Female,19063,803,94352,18,893060
2025-05-12,Naver,50s+,Female,5224,522,280542,19,1381146
2025-05-12,Google,40s,Male,17884,900,147883,12,1080853
2025-05-12,Facebook,20s,Male,15289,414,127858,8,217866
2025-05-12,Instagram,20s,Female,12873,189,207722,11,142704
2025-05-12,Instagram,20s,Female,17618,661,132265,41,295417
2025-05-12,Naver,20s,Female,11932,410,191526,32,470937
2025-05-12,Facebook,30s,Female,11980,361,156731,9,750369
2025-05-12,Instagram,50s+,Male,10215,298,229878,14,801687
2025-05-12,Naver,50s+,Male,9980,925,235672,23,183795
2025-05-12,Facebook,50s+,Male,9208,547,154131,19,1265092
2025-05-12,Naver,20s,Female,18444,138,114160,27,1212553
2025-05-12,Organic,50s+,Male,10537,650,77565,30,369572
2025-05-13,Facebook,20s,Female,5782,578,96898,10,1489672
2025-05-13,Naver,30s,Female,18138,471,211594,16,1028505
2025-05-13,Facebook,30s,Male,14974,548,177260,41,1523728
2025-05-13,Naver,40s,Male,14995,417,156596,25,1685567
2025-05-13,Facebook,40s,Male,18782,904,84828,4,406062
2025-05-13,Facebook,50s+,Female,11259,920,89088,46,1764027
2025-05-13,Facebook,20s,Male,8494,265,274841,8,867024
2025-05-13,Google,20s,Female,5424,542,254775,33,1929714
2025-05-13,Facebook,40s,Female,18517,561,260923,43,248598
2025-05-13,Facebook,50s+,Male,16797,637,261159,10,709191
2025-05-13,Instagram,50s+,Female,14007,487,288430,1,1521634
2025-05-13,Facebook,50s+,Female,18671,311,172205,23,1693754
2025-05-13,Google,50s+,Female,16094,736,135174,4,1208558
2025-05-13,Google,40s,Female,15941,363,166362,10,245341
2025-05-13,Facebook,40s,Male,17586,734,136505,42,254986
2025-05-13,Facebook,20s,Male,18523,349,164985,6,467383
2025-05-13,Naver,20s,Male,18103,777,88338,21,945506
2025-05-13,Facebook,50s+,Male,5925,550,183192,9,1446641
2025-05-13,Instagram,30s,Male,15063,431,169062,13,205939
2025-05-13,Naver,20s,Male,17116,898,191742,15,1641349
2025-05-13,Naver,40s,Male,16973,231,95676,42,245817
2025-05-14,Instagram,30s,Female,7153,377,207568,11,1926790
2025-05-14,Google,50s+,Male,9150,764,243523,47,598156
2025-05-14,Naver,30s,Female,16595,477,196542,14,952170
2025-05-14,Organic,20s,Female,11088,368,266636,43,1991226
2025-05-14,Naver,20s,Female,18959,723,120544,9,835109
2025-05-14,Google,40s,Male,7871,459,132831,13,1793027
2025-05-14,Organic,20s,Female,15832,922,185995,40,1861031
2025-05-14,Naver,30s,Female,6376,637,62622,14,1522086
2025-05-14,Organic,40s,Male,10938,314,256266,15,1166557
2025-05-14,Facebook,30s,Female,18187,668,202681,1,601869
2025-05-14,Naver,50s+,Male,5574,557,104404,1,1437518
2025-05-14,Facebook,40s,Male,6551,655,229439,6,424360
2025-05-14,Naver,50s+,Female,18403,865,266428,7,926649
2025-05-14,Facebook,30s,Female,18148,753,68580,38,897137
2025-05-14,Google,50s+,Female,19826,962,238445,22,1513904
2025-05-14,Google,50s+,Female,10185,493,125383,36,577923
2025-05-14,Naver,40s,Female,15111,834,249483,25,158071
2025-05-14,Instagram,20s,Male,14150,943,74307,8,765826
2025-05-14,Naver,30s,Female,12845,179,185584,4,1487055
2025-05-14,Google,30s,Female,18078,249,278233,43,1334288
2025-05-14,Instagram,50s+,Female,11994,436,152728,11,324450
2025-05-14,Google,30s,Male,17025,910,106855,7,311867
2025-05-14,Instagram,40s,Male,5299,509,104024,11,1380061
2025-05-15,Naver,40s,Male,14813,712,135694,35,1328286
2025-05-15,Google,20s,Female,6828,682,52018,16,1985485
2025-05-15,Facebook,50s+,Male,5539,553,96139,26,1423798
2025-05-15,Google,30s,Female,13714,168,252299,9,1304477
2025-05-15,Naver,30s,Male,5184,518,186660,33,213788
2025-05-15,Naver,20s,Female,5802,159,184797,2,1617191
2025-05-15,Facebook,50s+,Female,17328,658,176069,10,659993
2025-05-15,Naver,40s,Male,15179,300,260522,10,1823624
2025-05-15,Facebook,20s,Female,19549,218,269415,42,511409
2025-05-15,Naver,50s+,Male,10628,920,112744,17,1421331
2025-05-15,Google,40s,Female,14278,244,212192,34,794942
2025-05-15,Facebook,20s,Male,17954,269,207071,25,1685161
2025-05-15,Google,30s,Male,10153,898,137412,15,469323
2025-05-15,Google,30s,Female,12865,131,187321,26,1101279
2025-05-15,Google,50s+,Male,17376,394,210590,12,1486686
2025-05-15,Facebook,20s,Male,12414,318,256438,22,1524376
2025-05-15,Google,50s+,Male,12674,476,286021,29,307366
2025-05-15,Organic,30s,Male,9733,201,291496,12,1340101
2025-05-15,Facebook,50s+,Male,7961,508,94836,33,1415777
2025-05-15,Naver,30s,Male,8178,602,178779,48,1428342
2025-05-15,Instagram,20s,Male,19229,877,234158,11,1573403
2025-05-15,Facebook,40s,Female,16497,425,136794,11,1032105
2025-05-15,Google,30s,Male,18305,203,58538,17,813973
2025-05-15,Naver,20s,Male,12720,528,153417,47,1965769
2025-05-15,Facebook,50s+,Male,7445,296,185473,7,1345097
2025-05-15,Facebook,20s,Female,18473,838,98195,36,745588
2025-05-15,Naver,50s+,Male,9896,690,88015,9,1522292
2025-05-15,Instagram,30s,Female,19035,794,77438,10,1077827
2025-05-15,Naver,20s,Male,12909,210,120853,16,141231
2025-05-15,Google,30s,Female,16642,686,147180,40,1387302
2025-05-16,Facebook,50s+,Female,19386,822,100092,3,992131
2025-05-16,Naver,30s,Male,15528,162,51181,2,1667435
2025-05-16,Naver,20s,Female,17307,302,247881,30,1607992
2025-05-16,Google,30s,Female,18054,433,195483,11,184824
2025-05-16,Facebook,50s+,Male,8074,375,170939,32,1024025
2025-05-16,Facebook,50s+,Female,9198,307,75756,10,1991118
2025-05-16,Naver,20s,Female,15506,418,57677,48,1024716
2025-05-16,Facebook,40s,Male,13827,839,231870,17,146098
2025-05-16,Facebook,30s,Female,18649,922,200334,38,1898225
2025-05-16,Google,20s,Female,11104,557,207766,13,913320
2025-05-16,Google,50s+,Male,11054,249,69740,20,1611142
2025-05-16,Naver,40s,Male,15016,336,56352,17,1031691
2025-05-16,Organic,40s,Female,12712,109,221127,19,1953625
2025-05-16,Facebook,40s,Male,12520,936,241525,4,491444
2025-05-16,Naver,40s,Female,5070,362,125792,6,1766113
2025-05-16,Facebook,30s,Male,7409,718,67335,19,314627
2025-05-16,Facebook,50s+,Male,17114,864,245075,33,433708
2025-05-16,Google,50s+,Male,7700,471,57990,26,528983
2025-05-16,Facebook,50s+,Male,19550,397,199463,35,542151
2025-05-16,Google,20s,Female,16707,164,161546,8,215445
2025-05-16,Google,20s,Male,16994,847,68737,1,669633
2025-05-16,Organic,30s,Female,15218,172,90974,29,1598880
2025-05-16,Facebook,30s,Female,10963,429,82301,47,135559
2025-05-16,Organic,30s,Female,16643,601,64190,15,1623336
2025-05-16,Instagram,30s,Female,5040,504,163589,17,332803
2025-05-16,Naver,50s+,Male,18866,754,156687,27,722861
2025-05-16,Organic,50s+,Male,8921,725,81463,12,1882070
2025-05-16,Naver,30s,Male,16765,890,104257,4,539399
2025-05-16,Instagram,40s,Female,19375,187,150760,17,674326
2025-05-17,Facebook,20s,Male,18337,548,209049,17,1985876
2025-05-17,Naver,50s+,Male,10416,520,163388,46,1970258
2025-05-17,Facebook,50s+,Male,8139,158,181709,25,1682115
2025-05-17,Naver,20s,Male,10070,646,68330,2,1713284
2025-05-17,Google,30s,Female,17911,320,230916,1,1189971
2025-05-17,Naver,30s,Female,11196,850,122648,12,1558427
2025-05-17,Facebook,20s,Female,5308,530,53472,11,323688
2025-05-17,Facebook,40s,Male,9169,259,188062,48,528643
2025-05-17,Facebook,40s,Male,10783,132,93591,10,1107192
2025-05-17,Facebook,40s,Female,6826,401,215916,43,519245
2025-05-17,Instagram,30s,Male,15234,919,297891,5,336343
2025-05-17,Google,30s,Male,8284,828,182797,14,1544026
2025-05-17,Naver,50s+,Male,9036,903,191530,12,432655
2025-05-17,Organic,40s,Female,10856,215,267471,13,1657154
2025-05-17,Google,30s,Male,19558,822,119398,21,1192202
2025-05-17,Google,30s,Male,14051,804,114339,40,1931573
2025-05-17,Google,20s,Female,14147,458,100535,41,1644679
2025-05-17,Google,20s,Male,14704,259,186568,21,1781975
2025-05-17,Naver,20s,Female,12677,910,178593,10,570204
2025-05-17,Google,20s,Male,6147,614,115245,31,1935076
2025-05-17,Organic,20s,Male,9621,772,215004,31,147962
2025-05-17,Naver,40s,Male,18702,718,185125,24,1082276
2025-05-18,Naver,20s,Female,14360,625,245666,17,1033632
2025-05-18,Instagram,40s,Female,13522,142,106900,28,1490710
2025-05-18,Facebook,20s,Male,12763,449,233705,10,1531877
2025-05-18,Facebook,20s,Male,14310,847,235475,28,769731
2025-05-18,Facebook,50s+,Female,7378,300,262971,44,1759126
2025-05-18,Google,40s,Female,10628,833,290353,49,751416
2025-05-18,Facebook,50s+,Female,11925,357,150099,26,1341868
2025-05-18,Naver,20s,Female,11857,467,186354,15,1365422
2025-05-18,Google,30s,Male,12530,476,233427,20,434271
2025-05-18,Facebook,20s,Male,14694,952,148729,25,1153694
2025-05-18,Google,30s,Male,11173,251,98348,26,1055440
2025-05-18,Google,20s,Female,17338,180,162660,17,1403502
2025-05-18,Google,20s,Female,6860,686,66534,44,1822203
2025-05-18,Google,20s,Female,11695,127,251322,19,1581866
2025-05-18,Google,50s+,Female,13178,351,58381,47,641869
2025-05-18,Facebook,20s,Female,17513,964,147522,8,451515
2025-05-18,Facebook,50s+,Female,14994,264,250036,6,1291815
2025-05-18,Organic,20s,Male,14571,602,178141,27,403029
2025-05-18,Naver,50s+,Female,12384,647,58465,39,379792
2025-05-18,Google,40s,Male,19669,986,120396,46,404033
2025-05-18,Google,50s+,Female,13625,729,119243,6,1771798
2025-05-18,Naver,20s,Female,19706,439,282149,8,155914
2025-05-18,Naver,30s,Female,15451,914,93295,26,375288
2025-05-18,Naver,20s,Female,14054,588,96199,20,1886841
2025-05-18,Facebook,30s,Male,19434,752,73216,37,403496
2025-05-18,Instagram,30s,Male,19970,354,152946,17,1524905
2025-05-18,Google,20s,Female,5410,541,65728,7,1772272
2025-05-18,Instagram,30s,Female,6098,609,94622,14,761884
2025-05-18,Google,30s,Male,14791,739,119000,27,395373
2025-05-18,Facebook,40s,Male,8010,128,297720,14,1043439
2025-05-18,Google,50s+,Male,16023,986,135965,44,1642463
2025-05-19,Facebook,50s+,Male,18364,411,77199,27,1060154
2025-05-19,Facebook,40s,Male,12015,124,89673,6,1661984
2025-05-19,Naver,40s,Female,8385,171,210185,15,1870042
2025-05-19,Facebook,30s,Male,8007,612,50599,17,528166
2025-05-19,Naver,50s+,Male,6286,628,156569,15,498643
2025-05-19,Facebook,50s+,Female,17776,580,114341,38,908044
2025-05-19,Instagram,30s,Female,9877,488,62756,12,288348
2025-05-19,Google,20s,Male,9680,625,186147,22,1397742
2025-05-19,Facebook,40s,Male,17873,969,84520,40,1988187
2025-05-19,Google,40s,Male,6986,489,186354,30,1958400
2025-05-19,Google,40s,Female,12852,678,150847,27,358977
2025-05-19,Google,40s,Male,7423,619,144597,47,613703
2025-05-19,Organic,30s,Male,12606,605,256913,30,709125
2025-05-19,Instagram,20s,Female,13671,708,177585,38,784196
2025-05-19,Instagram,30s,Male,7458,249,188942,37,1715193
2025-05-19,Naver,20s,Male,9295,338,275330,24,896072
2025-05-19,Instagram,20s,Female,14477,379,70339,29,510376
2025-05-19,Google,30s,Female,8281,196,107301,15,891671
2025-05-19,Google,30s,Male,19795,340,264731,29,615860
2025-05-19,Google,20s,Female,6383,422,54098,25,597785
2025-05-19,Facebook,40s,Female,5830,458,245005,16,1547338
2025-05-19,Google,50s+,Female,14176,221,196580,10,867933
2025-05-19,Google,50s+,Male,7784,288,122135,28,1906361
2025-05-19,Facebook,40s,Female,6859,607,287918,13,1080812
2025-05-19,Google,30s,Female,6432,643,166375,49,139778
2025-05-19,Naver,40s,Male,9171,917,141923,32,1899467
2025-05-19,Instagram,40s,Female,17836,733,69224,18,1767035
2025-05-19,Facebook,30s,Male,6813,681,171504,20,1666994
2025-05-19,Instagram,30s,Female,14395,222,115620,24,1288767
2025-05-19,Instagram,20s,Female,11205,201,231341,40,827519
2025-05-19,Facebook,40s,Female,9216,921,115247,23,704375
2025-05-19,Google,20s,Male,14554,805,249303,37,1050016
2025-05-19,Naver,40s,Male,6907,463,180536,45,1087459
2025-05-20,Organic,50s+,Male,12796,601,289639,15,1980487
2025-05-20,Instagram,40s,Female,10545,561,203889,6,623117
2025-05-20,Organic,50s+,Female,17818,906,296346,34,1666815
2025-05-20,Organic,50s+,Male,19932,451,296149,49,1401554
2025-05-20,Facebook,20s,Male,6453,121,206602,16,1412742
2025-05-20,Google,40s,Female,15177,186,194484,37,556574
2025-05-20,Google,40s,Female,19246,634,255225,36,643569
2025-05-20,Google,40s,Female,19938,514,125535,44,1355539
2025-05-20,Google,20s,Male,6409,192,112703,38,1170394
2025-05-20,Google,40s,Male,12383,266,285674,36,520168
2025-05-20,Facebook,30s,Male,12479,428,77947,31,657813
2025-05-20,Facebook,30s,Female,8620,723,73937,2,1225261
2025-05-20,Facebook,40s,Female,14412,854,59001,29,1677183
2025-05-20,Google,40s,Female,10246,164,87014,31,1116042
2025-05-20,Naver,30s,Female,17430,888,219332,2,1333966
2025-05-20,Google,30s,Female,12871,986,228397,45,1923378
2025-05-20,Facebook,30s,Female,13129,932,155340,16,1231340
2025-05-20,Facebook,30s,Female,10091,150,82220,21,1142834
2025-05-20,Organic,50s+,Male,6068,255,128060,15,1008294
2025-05-20,Naver,30s,Male,14388,501,226309,20,879981
2025-05-20,Naver,50s+,Female,14691,685,104507,21,948246
2025-05-20,Naver,30s,Female,18859,290,79732,22,1259099
2025-05-20,Google,50s+,Male,14845,195,53641,39,723722
2025-05-20,Facebook,30s,Female,6071,534,127719,18,800446
2025-05-20,Google,40s,Female,7088,545,149743,44,632090
2025-05-20,Facebook,20s,Male,8402,435,148040,8,768700
2025-05-20,Naver,30s,Female,12497,535,170488,32,1771184
2025-05-21,Instagram,40s,Male,9007,593,214582,20,1765102
2025-05-21,Google,20s,Female,16220,183,215921,35,576897
2025-05-21,Organic,40s,Male,13032,997,238628,17,1743903
2025-05-21,Naver,50s+,Male,19169,579,130599,11,1434011
2025-05-21,Instagram,20s,Female,19584,158,141536,31,1669880
2025-05-21,Naver,20s,Female,7923,419,213259,11,111447
2025-05-21,Organic,20s,Male,7699,210,93507,37,319305
2025-05-21,Naver,30s,Male,15220,241,101895,5,1603636
2025-05-21,Naver,20s,Female,7053,333,186381,2,478363
2025-05-21,Facebook,30s,Male,6700,497,162183,3,1382724
2025-05-21,Facebook,50s+,Female,13777,543,78244,1,631834
2025-05-21,Google,40s,Male,10579,663,215297,46,1990031
2025-05-21,Facebook,20s,Female,8535,728,172150,30,458437
2025-05-21,Google,50s+,Male,5910,106,137071,19,1872790
2025-05-21,Organic,50s+,Female,9414,231,104980,24,514706
2025-05-21,Naver,50s+,Female,16892,550,231158,13,1555481
2025-05-21,Naver,30s,Female,16480,435,265161,8,1902625
2025-05-21,Google,30s,Male,17037,814,273132,12,1720242
2025-05-21,Google,20s,Female,14402,449,205889,21,1629346
2025-05-21,Facebook,50s+,Female,18215,247,100856,18,1802019
2025-05-21,Google,20s,Male,5076,161,85943,26,728663
2025-05-21,Facebook,40s,Male,17015,224,107986,41,1180081
2025-05-21,Naver,30s,Male,5301,305,66933,26,1645918
2025-05-21,Naver,50s+,Male,6868,226,167377,28,1954538
2025-05-21,Naver,40s,Female,19244,252,181208,17,1876702
2025-05-21,Facebook,20s,Female,9378,291,68906,22,526294
2025-05-22,Google,50s+,Female,5271,265,299493,13,1457424
2025-05-22,Google,30s,Female,7747,664,144056,42,706334
2025-05-22,Facebook,20s,Male,13682,469,169710,32,1262548
2025-05-22,Organic,30s,Male,17319,638,293299,33,1787405
2025-05-22,Naver,40s,Male,16723,377,190428,14,1344259
2025-05-22,Facebook,20s,Female,19564,808,207379,12,406308
2025-05-22,Facebook,20s,Male,12660,365,164532,28,827881
2025-05-22,Google,40s,Male,14838,757,252984,31,326469
2025-05-22,Naver,40s,Male,16952,568,80660,42,659751
2025-05-22,Naver,40s,Female,8170,615,248178,12,1965933
2025-05-22,Google,50s+,Male,12430,170,115494,34,849892
2025-05-22,Google,50s+,Female,17046,780,113420,45,897708
2025-05-22,Facebook,20s,Male,10100,275,256222,49,359631
2025-05-22,Google,50s+,Male,13232,697,196201,44,880554
2025-05-22,Google,20s,Male,12857,503,229088,19,530302
2025-05-22,Naver,50s+,Female,15520,760,113726,46,715924
2025-05-22,Naver,20s,Female,16043,782,193360,11,1434109
2025-05-22,Naver,40s,Male,5185,518,159767,34,1053259
2025-05-22,Naver,30s,Male,9701,264,156995,47,1933896
2025-05-23,Google,30s,Female,9805,208,55742,3,114193
2025-05-23,Facebook,20s,Male,7443,744,185994,36,443308
2025-05-23,Facebook,40s,Female,12820,234,163396,42,911515
2025-05-23,Google,50s+,Male,14899,416,234005,43,1435529
2025-05-23,Naver,50s+,Male,14042,130,159950,6,1242072
2025-05-23,Google,40s,Male,19879,548,250834,10,1120739
2025-05-23,Google,40s,Female,5882,209,289445,2,1946942
2025-05-23,Naver,40s,Female,8035,499,73053,30,419293
2025-05-23,Facebook,40s,Male,10508,403,74719,32,1278789
2025-05-23,Facebook,50s+,Female,9274,184,100149,22,1358940
2025-05-23,Organic,20s,Male,19622,584,100627,46,402995
2025-05-23,Facebook,40s,Male,18625,634,292674,45,1157560
2025-05-23,Instagram,50s+,Male,17532,570,57165,40,1303626
2025-05-23,Organic,20s,Female,12951,167,78754,27,1984293
2025-05-23,Organic,40s,Female,9249,556,225684,31,556837
2025-05-23,Facebook,20s,Male,18057,369,85520,5,388221
2025-05-23,Google,50s+,Male,15487,331,267948,46,897579
2025-05-23,Naver,30s,Female,15941,942,51792,5,154207
2025-05-23,Organic,20s,Male,6642,190,114569,21,732985
2025-05-23,Facebook,20s,Female,11503,988,116117,21,1957689
2025-05-23,Facebook,50s+,Male,8342,834,124923,28,304245
2025-05-23,Instagram,40s,Female,13728,913,283796,31,836672
2025-05-23,Naver,20s,Male,12816,236,279722,1,1363480
2025-05-23,Facebook,20s,Male,19616,924,208745,17,149798
2025-05-23,Google,20s,Female,7716,240,137214,7,1431201
2025-05-23,Facebook,30s,Male,17044,635,178515,2,670654
2025-05-23,Facebook,50s+,Male,6843,297,114218,10,1595814
2025-05-23,Naver,50s+,Male,19453,402,284441,42,1298007
2025-05-23,Facebook,40s,Male,10549,680,280894,47,1190978
2025-05-23,Organic,50s+,Male,17082,439,149026,9,905964
2025-05-23,Instagram,40s,Male,16066,337,58687,16,601504
2025-05-24,Google,40s,Female,6736,161,298784,11,1471533
2025-05-24,Facebook,40s,Female,14079,544,142177,9,1533463
2025-05-24,Naver,30s,Male,15253,411,248441,13,1987816
2025-05-24,Naver,50s+,Female,15951,627,202955,42,1461240
2025-05-24,Naver,50s+,Male,6265,626,164720,25,508536
2025-05-24,Facebook,30s,Female,17874,953,286843,36,265158
2025-05-24,Organic,30s,Male,8377,375,156141,9,179267
2025-05-24,Google,20s,Female,15715,201,94263,40,1900296
2025-05-24,Google,50s+,Female,11713,158,229089,31,313590
2025-05-24,Organic,40s,Male,15995,889,297370,47,1174498
2025-05-24,Instagram,30s,Male,13473,352,227069,40,1612389
2025-05-24,Organic,30s,Male,10113,959,272182,28,708864
2025-05-24,Naver,20s,Male,11543,958,230750,30,1585555
2025-05-24,Naver,20s,Female,5888,588,66344,16,1790638
2025-05-24,Facebook,40s,Male,16471,144,63191,28,1038141
2025-05-24,Organic,30s,Female,5765,440,153826,24,1003190
2025-05-24,Google,40s,Female,17237,402,238483,15,752570
2025-05-24,Organic,50s+,Female,5183,260,77527,32,401483
2025-05-24,Facebook,20s,Male,17953,858,134180,28,573937
2025-05-24,Google,40s,Male,13070,213,63441,42,1034983
2025-05-24,Facebook,30s,Male,5112,511,184961,4,1660463
2025-05-24,Google,50s+,Male,8958,292,159286,25,930163
2025-05-24,Google,30s,Female,19406,583,175531,22,329634
2025-05-24,Google,40s,Male,10282,813,155210,44,248673
2025-05-24,Naver,20s,Male,11097,171,260235,15,1540423
2025-05-24,Google,30s,Male,7857,395,184835,35,1356909
2025-05-24,Google,20s,Male,13960,384,248526,16,397859
2025-05-24,Google,50s+,Female,12445,846,196005,19,1486657
2025-05-24,Facebook,50s+,Female,8633,682,155712,40,1281768
2025-05-24,Google,30s,Female,8128,812,103274,5,1182538
2025-05-24,Instagram,20s,Female,19066,884,244755,23,1639863
2025-05-24,Facebook,30s,Female,8186,818,159366,4,1623700
2025-05-24,Facebook,40s,Male,14587,740,94838,19,136415
2025-05-24,Facebook,20s,Female,11243,282,198736,27,777294
2025-05-24,Google,20s,Female,14245,236,71238,32,1417149
2025-05-24,Google,30s,Female,16990,783,196649,25,831229
2025-05-24,Facebook,20s,Male,7616,325,199545,1,868854
2025-05-25,Google,30s,Female,15799,989,282957,32,1207008
2025-05-25,Naver,50s+,Female,16171,400,80400,19,1343242
2025-05-25,Facebook,30s,Female,11782,954,103119,37,605737
2025-05-25,Google,40s,Male,17939,690,113944,43,1611522
2025-05-25,Facebook,50s+,Male,6271,383,249010,26,1231015
2025-05-25,Facebook,20s,Female,6112,611,250514,29,567402
2025-05-25,Naver,50s+,Male,15022,721,63588,31,1596342
2025-05-25,Google,30s,Female,8164,362,94038,10,1946211
2025-05-25,Organic,20s,Female,16973,954,108102,28,528608
2025-05-25,Instagram,50s+,Female,9483,596,272788,2,1098646
2025-05-25,Facebook,20s,Female,11016,946,294412,11,1744267
2025-05-25,Google,30s,Male,10432,925,187548,2,1178069
2025-05-25,Organic,30s,Female,5623,562,243570,4,1636536
2025-05-25,Google,20s,Male,15641,427,115317,11,1197664
2025-05-25,Facebook,40s,Male,13180,683,291494,27,1446803
2025-05-25,Google,20s,Male,10371,938,55163,14,198896
2025-05-25,Organic,30s,Female,19900,424,217028,43,1897880
2025-05-25,Facebook,50s+,Male,14134,238,116596,24,1760490
2025-05-25,Facebook,30s,Male,15059,688,246048,3,952440
2025-05-25,Naver,50s+,Female,9284,790,210807,38,1941240
2025-05-25,Facebook,40s,Male,7816,563,55938,5,539699
2025-05-26,Google,20s,Female,9899,828,246899,30,767465
2025-05-26,Facebook,50s+,Female,5897,589,203193,6,1405167
2025-05-26,Google,40s,Female,18328,563,241572,23,1558409
2025-05-26,Google,50s+,Female,13710,587,153077,3,848844
2025-05-26,Google,40s,Female,14671,375,127984,26,1363135
2025-05-26,Google,20s,Female,18571,616,242303,41,1830741
2025-05-26,Facebook,40s,Female,10610,330,264712,29,1843914
2025-05-26,Facebook,20s,Female,12956,141,251750,4,180770
2025-05-26,Facebook,40s,Male,8329,492,260331,8,1434196
2025-05-26,Facebook,30s,Female,18309,572,138665,28,479486
2025-05-26,Google,20s,Female,12767,442,54839,49,1624783
2025-05-26,Facebook,20s,Female,6437,613,171730,42,409728
2025-05-26,Google,50s+,Female,5927,442,216878,6,426081
2025-05-26,Organic,30s,Female,13914,610,114298,24,1353001
2025-05-26,Organic,20s,Male,8388,717,233591,13,273255
2025-05-26,Facebook,40s,Female,16307,366,114581,48,933136
2025-05-26,Facebook,30s,Male,10041,549,226668,11,820227
2025-05-26,Naver,20s,Male,15178,805,235673,31,1368352
2025-05-26,Instagram,20s,Female,8383,513,287241,44,1611489
2025-05-26,Naver,30s,Male,17188,585,263173,38,1972979
2025-05-26,Naver,20s,Male,6938,383,105158,26,1646921
2025-05-26,Google,30s,Male,12830,460,88681,40,171975
2025-05-26,Instagram,50s+,Female,10197,348,185174,9,1493835
2025-05-26,Naver,20s,Female,15704,408,201571,22,750858
2025-05-26,Google,40s,Female,5923,361,236763,18,1115087
2025-05-26,Facebook,40s,Female,18029,312,63250,11,1164830
2025-05-26,Google,50s+,Male,9361,234,67408,46,1912283
2025-05-26,Google,20s,Female,11085,512,58920,47,921720
2025-05-27,Google,20s,Female,12185,266,243157,38,267350
2025-05-27,Facebook,20s,Female,11893,503,216322,12,229510
2025-05-27,Instagram,40s,Female,13810,574,65812,2,1283406
2025-05-27,Organic,20s,Male,13675,829,135477,4,1371614
2025-05-27,Google,30s,Female,15557,828,145196,41,1332009
2025-05-27,Google,40s,Female,5784,578,170848,11,963900
2025-05-27,Google,40s,Female,17050,852,155253,42,1210515
2025-05-27,Facebook,30s,Female,11212,927,203813,13,1264656
2025-05-27,Organic,40s,Female,17545,949,70854,36,1564989
2025-05-27,Facebook,50s+,Female,15892,713,249061,29,109253
2025-05-27,Facebook,20s,Female,11572,505,88973,39,395759
2025-05-27,Facebook,50s+,Male,11455,322,78528,42,1153852
2025-05-27,Naver,30s,Male,7818,596,191859,2,1867850
2025-05-27,Google,30s,Female,11827,666,74804,35,793417
2025-05-27,Naver,40s,Male,6229,461,256683,37,408700
2025-05-27,Facebook,50s+,Male,8627,150,188952,8,904664
2025-05-27,Facebook,30s,Female,16299,148,186027,29,1731469
2025-05-27,Google,40s,Male,10440,397,293370,2,407863
2025-05-27,Facebook,40s,Male,11010,933,65173,46,1103762
2025-05-27,Facebook,30s,Male,8843,543,140749,11,218452
2025-05-27,Google,40s,Female,15425,176,138389,35,1317973
2025-05-27,Facebook,50s+,Male,11539,505,214741,9,888063
2025-05-27,Instagram,50s+,Male,17828,517,143275,32,1062144
2025-05-27,Organic,40s,Male,10158,476,150623,15,224780
2025-05-28,Naver,50s+,Male,13414,691,98082,4,1181992
2025-05-28,Google,40s,Male,13691,520,151215,20,869617
2025-05-28,Facebook,40s,Male,6106,610,266883,30,836291
2025-05-28,Facebook,50s+,Male,14513,765,183668,8,1167843
2025-05-28,Naver,30s,Female,19548,803,251823,43,945900
2025-05-28,Google,50s+,Female,13685,521,110826,33,451889
2025-05-28,Instagram,20s,Male,15459,708,52199,2,743003
2025-05-28,Google,50s+,Male,16146,319,262402,8,253092
2025-05-28,Facebook,40s,Male,9353,935,280992,20,531650
2025-05-28,Google,20s,Male,17437,586,126888,36,323621
2025-05-28,Instagram,50s+,Female,13899,472,119198,34,1643685
2025-05-28,Google,30s,Female,10868,588,118347,29,177145
2025-05-28,Instagram,20s,Female,7704,582,201171,45,1038698
2025-05-28,Facebook,50s+,Male,10889,433,77805,16,1378706
2025-05-28,Naver,40s,Female,12309,980,71322,21,159733
2025-05-28,Instagram,20s,Male,5984,598,131124,35,632641
2025-05-28,Facebook,30s,Male,19559,865,194260,20,618495
2025-05-28,Google,20s,Female,11350,692,77282,28,1460513
2025-05-28,Google,30s,Female,10303,621,64559,29,1387734
2025-05-28,Naver,20s,Male,15905,207,84931,41,198357
2025-05-28,Facebook,40s,Female,14414,672,156440,40,1208409
2025-05-28,Facebook,30s,Male,17646,411,203964,40,1907990
2025-05-28,Google,50s+,Female,14570,994,101899,7,304611
2025-05-28,Organic,30s,Male,7445,744,192908,39,836489
2025-05-28,Google,50s+,Female,15892,245,297511,29,1991510
2025-05-28,Facebook,20s,Female,15902,702,172614,6,117209
2025-05-28,Facebook,30s,Female,14244,775,195925,8,1282293
2025-05-28,Google,40s,Female,18132,492,58957,34,937044
2025-05-28,Instagram,50s+,Female,12406,333,118595,32,855135
2025-05-28,Naver,50s+,Female,9741,385,265135,47,590092
2025-05-28,Facebook,20s,Female,10021,636,131182,41,1629918
2025-05-28,Google,40s,Male,13440,914,275673,25,287550
2025-05-28,Facebook,50s+,Male,15183,528,254422,47,1882019
2025-05-28,Google,50s+,Female,19947,130,66274,12,1477414
2025-05-28,Google,30s,Male,7058,677,174283,17,1545404
2025-05-28,Naver,30s,Male,10862,455,61777,14,704553
2025-05-28,Facebook,20s,Female,11544,566,62533,17,1148864
2025-05-29,Google,30s,Male,6692,669,179899,24,552780
2025-05-29,Facebook,50s+,Female,17414,949,186235,38,1972332
2025-05-29,Naver,20s,Male,8698,334,66908,23,1099455
2025-05-29,Facebook,30s,Male,9369,481,100818,11,1043594
2025-05-29,Organic,40s,Female,12425,735,76975,42,1362549
2025-05-29,Google,20s,Male,14129,608,116857,18,1271177
2025-05-29,Naver,20s,Female,10289,742,208756,41,475366
2025-05-29,Facebook,30s,Male,8054,805,183965,36,1103790
2025-05-29,Naver,30s,Male,7311,731,288221,38,485604
2025-05-29,Facebook,20s,Male,15174,715,271775,48,910073
2025-05-29,Facebook,40s,Female,16844,110,127424,22,1442265
2025-05-29,Facebook,20s,Female,11433,145,296633,29,274723
2025-05-29,Organic,30s,Male,12062,430,204818,13,1820027
2025-05-29,Naver,30s,Female,13972,999,277259,39,1576203
2025-05-29,Facebook,30s,Male,11296,356,173688,41,1251408
2025-05-29,Naver,20s,Male,13960,180,189164,16,315052
2025-05-29,Naver,50s+,Female,5008,282,280013,19,538282
2025-05-29,Naver,40s,Female,19132,489,126317,2,322032
2025-05-29,Facebook,50s+,Female,17605,194,173001,5,955149
2025-05-29,Facebook,50s+,Male,16528,166,89927,22,919648
2025-05-29,Facebook,30s,Male,17007,516,180757,27,292993
2025-05-29,Google,30s,Male,14445,351,208699,28,974835
2025-05-29,Google,20s,Female,19069,972,127261,43,1936303
2025-05-29,Facebook,50s+,Male,17893,646,125892,7,1158437
2025-05-29,Google,20s,Male,19524,505,294987,32,1082886
2025-05-29,Google,50s+,Female,6328,441,63827,20,1375727
2025-05-29,Organic,50s+,Male,9930,629,147353,23,554164
2025-05-29,Facebook,50s+,Female,17602,137,97482,27,428057
2025-05-29,Facebook,40s,Female,16127,123,127020,10,1682824
2025-05-29,Instagram,20s,Male,13674,189,129815,37,1235424
2025-05-29,Facebook,30s,Female,11732,448,204823,24,1822534
2025-05-30,Naver,30s,Female,9547,497,286981,43,569068
2025-05-30,Google,30s,Female,14652,588,103938,42,1141506
2025-05-30,Facebook,20s,Male,7268,604,64093,22,1383498
2025-05-30,Facebook,50s+,Female,5366,536,294399,8,224074
2025-05-30,Naver,30s,Male,6827,398,166818,20,1075176
2025-05-30,Facebook,20s,Male,18680,996,267047,37,112266
2025-05-30,Facebook,50s+,Male,14123,511,151172,23,1303808
2025-05-30,Instagram,50s+,Female,13942,491,125718,48,622417
2025-05-30,Naver,30s,Male,7510,577,157337,4,1684191
2025-05-30,Naver,40s,Male,15972,192,207797,38,1383640
2025-05-30,Facebook,40s,Male,10244,138,63365,27,1115810
2025-05-30,Facebook,40s,Male,16695,301,255362,1,615529
2025-05-30,Google,40s,Female,14171,775,151640,18,1501143
2025-05-30,Facebook,30s,Male,10940,195,99417,4,1034954
2025-05-30,Instagram,20s,Male,7343,734,159565,31,507323
2025-05-30,Facebook,20s,Male,16891,181,112427,31,1975762
2025-05-30,Naver,50s+,Female,11014,388,188264,20,1263755
2025-05-30,Naver,30s,Female,11935,557,238085,1,1242917
2025-05-30,Google,50s+,Male,8669,531,131493,20,959339
2025-05-30,Facebook,30s,Male,9498,689,177425,4,714208
2025-05-30,Naver,50s+,Male,19827,255,147995,27,163442
2025-05-30,Facebook,20s,Female,13948,588,201910,20,1124609
2025-05-30,Facebook,40s,Male,7826,782,113701,46,1840497
2025-05-31,Organic,40s,Female,13974,658,82530,18,557432
2025-05-31,Naver,40s,Female,15184,359,62579,12,1144640
2025-05-31,Facebook,40s,Female,12266,806,169723,6,1111908
2025-05-31,Naver,40s,Female,5358,535,263332,6,663812
2025-05-31,Facebook,20s,Female,12139,437,85886,49,1476277
2025-05-31,Naver,20s,Female,7827,587,172198,4,178555
2025-05-31,Naver,20s,Male,16724,471,69774,28,1409218
2025-05-31,Google,30s,Male,12654,387,206041,31,1140821
2025-05-31,Facebook,50s+,Female,18138,325,127920,19,723742
2025-05-31,Facebook,50s+,Female,13118,403,263393,16,336513
2025-05-31,Naver,20s,Male,8156,433,232674,43,940596
2025-05-31,Google,40s,Male,9535,602,94092,14,348946
2025-05-31,Instagram,30s,Male,19918,563,233884,13,1881479
2025-05-31,Google,50s+,Female,19280,679,195575,21,1184317
2025-05-31,Facebook,40s,Male,15886,765,224017,8,772244
2025-05-31,Google,40s,Female,16909,512,79077,29,1048041
2025-05-31,Google,50s+,Male,18837,870,238819,4,1880630
2025-05-31,Google,30s,Male,17672,799,74918,13,670648
2025-05-31,Facebook,30s,Female,12210,648,179021,40,1194981
2025-05-31,Instagram,20s,Female,12832,180,213464,16,1788901
2025-05-31,Facebook,20s,Male,11129,865,264726,44,1992052
2025-05-31,Naver,30s,Female,10497,533,115577,43,1259678
2025-05-31,Naver,40s,Male,17536,611,127160,3,182070
2025-05-31,Naver,30s,Male,12477,107,244850,4,555581
2025-05-31,Google,20s,Male,14929,876,98075,47,956106
2025-05-31,Naver,50s+,Male,14966,458,205361,5,729418
2025-05-31,Google,30s,Female,6068,594,299639,10,610577
2025-06-01,Google,30s,Male,9560,795,81698,26,1066537
2025-06-01,Google,30s,Female,8696,842,242928,6,1750586
2025-06-01,Naver,40s,Male,19843,976,193298,5,647773
2025-06-01,Naver,40s,Female,13608,985,147849,10,375202
2025-06-01,Facebook,30s,Male,8559,531,211043,2,1528113
2025-06-01,Organic,20s,Female,14079,252,238721,41,1260959
2025-06-01,Instagram,40s,Female,13836,364,203960,12,1932052
2025-06-01,Organic,40s,Male,8822,882,124175,10,1309087
2025-06-01,Facebook,50s+,Female,10641,181,86527,9,610417
2025-06-01,Instagram,30s,Male,15302,268,286348,15,1109482
2025-06-01,Google,50s+,Male,5935,593,170936,32,1099794
2025-06-01,Google,20s,Male,6663,364,179455,4,900943
2025-06-01,Facebook,20s,Female,18686,107,83736,21,1832222
2025-06-01,Naver,50s+,Male,8857,153,191844,30,207682
2025-06-01,Facebook,40s,Male,14205,203,194936,5,853804
2025-06-01,Facebook,30s,Female,11770,386,214049,12,1872144
2025-06-01,Facebook,30s,Female,16700,666,162984,11,1431945
2025-06-01,Google,30s,Male,7632,763,75184,6,1053171
2025-06-01,Naver,30s,Female,8352,264,254396,37,1668172
2025-06-01,Google,20s,Female,16182,866,118673,13,1440949
2025-06-01,Instagram,50s+,Male,6474,647,211500,12,1078418
2025-06-01,Facebook,20s,Female,17576,880,106262,26,1078538
2025-06-02,Facebook,40s,Female,11486,903,266651,5,1177160
2025-06-02,Facebook,40s,Male,16470,309,187994,17,985695
2025-06-02,Google,40s,Female,12212,399,91831,3,1178456
2025-06-02,Facebook,20s,Male,16674,798,205311,33,1217554
2025-06-02,Naver,30s,Female,5213,166,195081,33,1550721
2025-06-02,Instagram,50s+,Male,14891,626,153695,40,1135075
2025-06-02,Naver,20s,Male,13461,655,230399,18,1319350
2025-06-02,Google,50s+,Female,8165,687,177528,11,1431280
2025-06-02,Google,20s,Female,17014,259,155595,37,240315
2025-06-02,Naver,30s,Female,11722,806,50703,28,1013488
2025-06-02,Instagram,50s+,Female,6866,376,146218,35,1036590
2025-06-02,Facebook,20s,Female,9951,247,174623,19,1329757
2025-06-02,Google,40s,Female,7064,278,210908,15,898865
2025-06-02,Naver,50s+,Female,11479,700,189722,8,966331
2025-06-02,Google,30s,Male,17522,559,171287,9,1744270
2025-06-02,Naver,40s,Female,16644,206,95737,18,1986364
2025-06-02,Google,40s,Male,16071,302,223913,11,1594284
2025-06-02,Instagram,40s,Female,14751,700,234395,14,1770999
2025-06-02,Organic,20s,Male,6655,550,128364,8,1956213
2025-06-02,Organic,20s,Male,13508,135,178992,10,166384
2025-06-02,Google,40s,Male,15370,448,203730,4,1969141
2025-06-02,Facebook,20s,Male,16435,178,54714,29,978009
2025-06-02,Organic,40s,Female,6580,453,283918,22,1632603
2025-06-03,Facebook,40s,Female,6225,622,254981,11,1228450
2025-06-03,Google,30s,Male,16129,963,94261,12,1396820
2025-06-03,Facebook,30s,Female,15764,986,101352,45,204357
2025-06-03,Google,50s+,Female,17432,629,141946,9,1504942
2025-06-03,Organic,40s,Female,18950,132,284856,26,1156656
2025-06-03,Google,30s,Female,15159,352,63082,39,510540
2025-06-03,Naver,40s,Male,16834,756,187530,26,1932332
2025-06-03,Facebook,50s+,Male,19455,821,165449,40,1109126
2025-06-03,Naver,30s,Female,5002,381,100487,48,354474
2025-06-03,Google,40s,Female,7274,727,98449,30,319156
2025-06-03,Google,30s,Male,13276,547,240740,37,1030226
2025-06-03,Naver,30s,Male,18290,729,217313,5,1429481
2025-06-03,Google,30s,Female,13372,390,105118,9,1410097
2025-06-03,Google,20s,Male,7121,712,236014,13,531889
2025-06-03,Facebook,40s,Male,9438,319,241937,20,1542050
2025-06-03,Google,40s,Male,12865,768,121626,44,349478
2025-06-03,Facebook,30s,Male,16598,858,267151,3,1103950
2025-06-03,Naver,30s,Male,9623,374,271429,11,1510396
2025-06-03,Facebook,30s,Female,13269,812,256855,42,1530968
2025-06-03,Facebook,30s,Male,19970,973,212465,3,1702719
2025-06-03,Facebook,20s,Female,14087,880,153637,35,798982
2025-06-03,Facebook,20s,Female,11885,413,211409,3,831955
2025-06-03,Facebook,20s,Male,10230,380,197326,14,1320615
2025-06-03,Google,50s+,Male,15355,150,278049,4,723083
2025-06-03,Facebook,30s,Male,7778,179,115600,4,1691135
2025-06-03,Instagram,40s,Female,12349,769,65263,21,603821
2025-06-04,Google,20s,Male,6570,331,193491,3,1568880
2025-06-04,Google,50s+,Male,11458,445,103526,43,1192164
2025-06-04,Facebook,20s,Male,12086,206,166833,41,235782
2025-06-04,Facebook,30s,Female,14435,422,272018,40,1283785
2025-06-04,Naver,50s+,Female,16513,587,168354,36,800993
2025-06-04,Naver,20s,Female,17852,333,124225,44,682065
2025-06-04,Google,30s,Female,5823,356,203054,20,1569151
2025-06-04,Facebook,40s,Male,9643,379,279184,16,1829527
2025-06-04,Google,50s+,Female,14955,979,254273,36,472066
2025-06-04,Naver,50s+,Female,12896,374,236958,35,1052152
2025-06-04,Facebook,30s,Male,17885,114,250069,22,1853724
2025-06-04,Google,30s,Male,19824,507,291413,44,1049586
2025-06-04,Naver,50s+,Female,15172,693,120772,6,1265889
2025-06-04,Naver,40s,Female,13864,832,199989,47,743505
2025-06-04,Google,30s,Female,19457,126,287569,25,123303
2025-06-04,Naver,50s+,Female,17113,915,91776,29,439102
2025-06-04,Google,30s,Male,8632,688,76120,17,693405
2025-06-04,Google,40s,Female,13933,716,247288,32,1832085
2025-06-04,Instagram,30s,Male,10728,991,270649,47,533533
2025-06-04,Naver,50s+,Female,5344,534,191713,42,105971
2025-06-04,Naver,50s+,Male,5965,596,296792,9,934931
2025-06-04,Naver,40s,Male,8010,801,173924,20,1786448
2025-06-04,Google,40s,Female,11588,232,244515,13,1896145
2025-06-04,Facebook,30s,Female,12699,719,223181,42,1111683
2025-06-04,Facebook,30s,Female,19212,682,70762,49,1395321
2025-06-04,Facebook,50s+,Female,15772,897,229019,6,434433
2025-06-04,Google,20s,Male,7651,651,149292,26,1582248
2025-06-04,Google,40s,Male,18035,116,154608,15,379258
2025-06-05,Facebook,50s+,Female,5572,384,280210,12,621401
2025-06-05,Google,50s+,Female,7329,697,205816,26,1650713
2025-06-05,Google,30s,Female,10369,641,163481,8,1131668
2025-06-05,Naver,20s,Female,17220,391,112000,20,754592
2025-06-05,Google,40s,Male,19278,214,134311,25,321151
2025-06-05,Facebook,40s,Female,11054,520,137169,22,1404045
2025-06-05,Google,40s,Male,6331,633,115352,9,1443795
2025-06-05,Naver,20s,Female,17997,243,238138,31,1730884
2025-06-05,Organic,30s,Male,7142,258,294091,8,591148
2025-06-05,Facebook,40s,Female,9375,937,289197,3,785696
2025-06-05,Naver,40s,Male,17572,368,292640,45,618287
2025-06-05,Google,50s+,Female,17133,289,92217,31,1175615
2025-06-05,Google,50s+,Female,8371,339,230803,27,1524021
2025-06-05,Google,50s+,Male,19522,747,99695,35,1871623
2025-06-05,Naver,40s,Male,8599,678,242976,20,1141475
2025-06-05,Organic,50s+,Female,18751,625,203730,29,1189228
2025-06-05,Google,20s,Female,6230,101,291424,20,1152083
2025-06-05,Organic,20s,Female,15086,848,149875,37,1836898
2025-06-05,Naver,20s,Male,13898,513,118589,26,638388
2025-06-05,Naver,50s+,Female,7113,563,234207,31,845354
2025-06-05,Organic,50s+,Male,5203,520,235814,49,973314
2025-06-05,Naver,20s,Male,6945,121,233592,24,1479419
2025-06-05,Google,50s+,Male,9467,591,221066,41,1258862
2025-06-06,Facebook,50s+,Female,17325,929,117816,15,337797
2025-06-06,Naver,20s,Male,5552,555,291120,36,924013
2025-06-06,Naver,20s,Female,9927,108,65069,21,1672275
2025-06-06,Google,50s+,Male,14189,821,66048,8,1139196
2025-06-06,Google,30s,Female,6144,403,93276,24,1577489
2025-06-06,Naver,40s,Male,13719,864,253761,42,1847090
2025-06-06,Google,20s,Male,12481,649,232495,48,409403
2025-06-06,Organic,20s,Female,6453,645,98060,16,825578
2025-06-06,Instagram,20s,Male,9057,287,207343,9,1254850
2025-06-06,Naver,40s,Male,5198,519,71763,47,1359043
2025-06-06,Naver,20s,Male,13882,844,241929,8,987028
2025-06-06,Instagram,50s+,Male,16675,816,174019,12,771107
2025-06-06,Naver,40s,Female,15450,670,214837,44,130141
2025-06-06,Google,50s+,Male,13220,913,153715,29,1105241
2025-06-06,Naver,50s+,Female,7010,601,262125,12,1883644
2025-06-06,Facebook,30s,Female,8233,823,180165,4,351714
2025-06-06,Google,40s,Male,17184,575,109964,49,1526181
2025-06-06,Facebook,50s+,Male,9470,575,139451,48,901202
2025-06-06,Google,20s,Female,19877,687,237916,18,1141203
2025-06-06,Instagram,50s+,Male,14501,349,108585,28,1945816
2025-06-06,Facebook,30s,Female,17027,555,56477,10,1080723
2025-06-06,Instagram,40s,Female,6531,575,228358,48,1823837
2025-06-06,Naver,50s+,Male,7669,449,148103,12,1156928
2025-06-06,Google,50s+,Male,13487,965,267626,32,1776701
2025-06-06,Google,20s,Male,6489,497,129995,36,1513445
2025-06-06,Facebook,40s,Male,18710,219,245615,32,1715643
2025-06-06,Google,40s,Male,14727,432,138626,13,1126821
2025-06-06,Naver,30s,Male,10328,195,293804,38,844231
2025-06-06,Naver,40s,Male,11655,817,118285,42,1455035
2025-06-06,Organic,40s,Female,19843,229,106027,2,1420937
2025-06-06,Naver,30s,Female,7801,126,92965,25,1734326
2025-06-06,Naver,30s,Male,10371,784,98869,43,1580493
2025-06-06,Organic,50s+,Male,7146,393,258376,4,1815081
2025-06-06,Organic,20s,Female,17932,781,124947,45,1906168
2025-06-07,Instagram,30s,Female,18736,454,116368,37,1812686
2025-06-07,Facebook,30s,Male,12700,289,167460,29,1854794
2025-06-07,Facebook,40s,Female,5042,504,175025,1,569484
2025-06-07,Organic,20s,Male,13011,465,89941,14,1681797
2025-06-07,Instagram,30s,Female,10806,189,126853,33,1174122
2025-06-07,Google,30s,Female,14912,591,73758,37,1305210
2025-06-07,Google,50s+,Female,17190,518,141535,48,857604
2025-06-07,Google,20s,Male,18799,814,85904,28,114948
2025-06-07,Google,50s+,Female,11931,236,261905,15,940472
2025-06-07,Google,50s+,Female,14214,579,161479,2,696601
2025-06-07,Naver,30s,Male,12771,682,215561,2,1039421
2025-06-07,Instagram,50s+,Female,13831,614,131506,18,354466
2025-06-07,Naver,50s+,Female,8044,742,163195,28,409719
2025-06-07,Google,50s+,Female,7355,735,51822,28,1828653
2025-06-07,Naver,20s,Male,13396,977,76107,32,1166134
2025-06-07,Google,20s,Female,10829,626,96010,18,605902
2025-06-07,Facebook,30s,Female,11039,113,221116,22,1232573
2025-06-07,Instagram,30s,Male,16140,609,95673,41,1883832
2025-06-07,Naver,50s+,Female,7477,747,137253,39,1403933
2025-06-07,Organic,30s,Male,17809,122,155182,24,1218029
2025-06-07,Instagram,20s,Female,16251,109,222700,17,1748566
2025-06-07,Google,20s,Male,10084,942,151022,6,1328841
2025-06-07,Facebook,40s,Male,8153,188,228092,32,1626459
2025-06-07,Google,50s+,Female,7327,449,239113,6,1761657
2025-06-07,Facebook,30s,Female,12208,569,141862,24,1124742
2025-06-07,Facebook,50s+,Female,10424,963,187863,41,636847
2025-06-07,Google,40s,Male,11139,861,248224,34,1687872
2025-06-07,Google,20s,Male,16774,640,232365,19,773129
2025-06-07,Naver,30s,Female,8644,736,82217,2,1096314
2025-06-08,Google,20s,Male,14507,438,196289,49,1176215
2025-06-08,Instagram,30s,Female,9128,310,90218,35,931093
2025-06-08,Google,40s,Female,17040,921,50984,19,866629
2025-06-08,Instagram,40s,Female,16619,952,69664,7,830081
2025-06-08,Naver,30s,Male,7666,162,295905,32,1073676
2025-06-08,Organic,20s,Male,13727,169,243722,33,985019
2025-06-08,Organic,20s,Female,7658,765,235918,7,913648
2025-06-08,Google,30s,Female,11278,292,108267,11,162575
2025-06-08,Google,30s,Male,11994,384,112427,16,1363867
2025-06-08,Naver,20s,Female,5700,165,105142,30,999945
2025-06-08,Naver,30s,Male,6436,643,159792,22,1656214
2025-06-08,Google,20s,Male,19202,533,221126,43,374743
2025-06-08,Organic,40s,Female,8616,164,55766,24,1278028
2025-06-08,Google,20s,Female,15006,722,68942,17,1100534
2025-06-08,Facebook,20s,Male,8348,117,118490,23,589161
2025-06-08,Facebook,50s+,Female,14950,657,216633,47,1123016
2025-06-08,Instagram,30s,Male,15688,752,133551,22,887631
2025-06-08,Facebook,50s+,Male,5738,340,287514,27,1976713
2025-06-08,Google,20s,Male,16903,767,255720,1,1893846
2025-06-08,Google,30s,Female,14946,767,83368,47,1874060
2025-06-08,Instagram,50s+,Female,5688,568,292139,44,1901863
2025-06-08,Facebook,50s+,Female,19815,788,284082,31,1397628
2025-06-08,Instagram,40s,Female,7510,682,184915,23,1892771
2025-06-08,Google,30s,Male,7442,272,51415,48,502462
2025-06-08,Facebook,30s,Male,9223,199,178738,36,1280373
2025-06-08,Facebook,50s+,Female,8103,221,262477,11,159920
2025-06-08,Facebook,40s,Female,8568,315,149048,40,1187674
2025-06-08,Naver,20s,Male,11400,935,298119,40,1698399
2025-06-08,Facebook,20s,Female,13827,976,296654,41,292849
2025-06-08,Facebook,20s,Male,13744,427,148977,7,1063783
2025-06-08,Instagram,50s+,Male,17584,416,208920,6,693580
2025-06-08,Facebook,50s+,Female,16850,653,254779,6,1831577
2025-06-08,Facebook,30s,Female,9874,123,82531,24,359925
2025-06-08,Google,40s,Female,13340,231,151738,17,377814
2025-06-08,Google,30s,Female,12547,855,192584,41,703463
2025-06-08,Instagram,20s,Male,17786,486,215401,26,1530142
2025-06-09,Instagram,50s+,Male,14969,254,92396,47,1289366
2025-06-09,Facebook,30s,Male,7989,348,218436,49,1011835
2025-06-09,Google,50s+,Male,18104,204,124837,3,1921597
2025-06-09,Naver,50s+,Male,9463,542,256519,38,440539
2025-06-09,Google,50s+,Female,7201,244,118446,41,725186
2025-06-09,Facebook,30s,Female,17115,428,269252,29,1438410
2025-06-09,Instagram,40s,Female,6584,373,85525,10,847177
2025-06-09,Google,20s,Male,12039,262,178942,29,506799
2025-06-09,Facebook,20s,Female,8845,587,150507,7,1455584
2025-06-09,Facebook,50s+,Female,18371,597,58373,1,958076
2025-06-09,Naver,20s,Male,15737,809,108665,27,1485622
2025-06-09,Facebook,30s,Male,8428,389,231850,40,1576301
2025-06-09,Organic,20s,Female,10844,732,93197,44,292533
2025-06-09,Naver,50s+,Male,6530,653,255185,36,1477532
2025-06-09,Instagram,40s,Male,8807,235,299359,14,967805
2025-06-09,Facebook,30s,Female,14169,214,255532,42,1722786
2025-06-09,Facebook,30s,Female,14685,570,208244,24,1123152
2025-06-09,Google,50s+,Male,7875,311,119655,28,928625
2025-06-09,Naver,20s,Female,13130,421,254599,2,944359
2025-06-09,Facebook,40s,Female,11034,178,119919,22,1444011
2025-06-09,Facebook,20s,Male,10806,798,296602,38,856255
2025-06-09,Facebook,30s,Female,13481,339,254424,36,1698940
2025-06-09,Facebook,20s,Male,11581,881,71419,44,1744184
2025-06-09,Naver,30s,Female,12806,479,118469,20,1340697
2025-06-09,Google,20s,Female,9758,370,54587,10,1506277
2025-06-09,Google,20s,Male,14184,806,144485,6,472247
2025-06-09,Google,30s,Female,6222,300,127103,27,1539615
2025-06-09,Naver,50s+,Male,14407,180,166174,7,1169866
2025-06-09,Instagram,50s+,Female,19276,827,78990,19,1920294
2025-06-09,Facebook,50s+,Male,9441,437,144978,49,1165402
2025-06-10,Google,50s+,Male,7118,492,124494,26,345173
2025-06-10,Google,20s,Female,12965,483,72907,48,577862
2025-06-10,Organic,40s,Male,19277,338,165601,6,1298562
2025-06-10,Facebook,20s,Male,7759,286,135384,30,751367
2025-06-10,Instagram,40s,Female,10492,833,79772,7,1446353
2025-06-10,Organic,50s+,Female,19147,242,76863,28,521654
2025-06-10,Facebook,30s,Female,17346,379,109515,15,114444
2025-06-10,Google,20s,Female,12528,110,215513,22,1157444
2025-06-10,Facebook,20s,Female,19239,942,74209,26,487743
2025-06-10,Instagram,30s,Male,12591,207,228436,1,427183
2025-06-10,Instagram,40s,Female,6907,426,247734,7,1504690
2025-06-10,Facebook,30s,Male,8724,872,205648,1,1783228
2025-06-10,Google,30s,Male,17009,944,251832,27,215269
2025-06-10,Instagram,20s,Male,7692,592,262697,19,420330
2025-06-10,Naver,50s+,Male,14653,881,206469,42,1744584
2025-06-10,Facebook,40s,Male,11884,748,286825,44,736171
2025-06-10,Facebook,40s,Female,17646,415,192290,16,1271574
2025-06-10,Facebook,30s,Female,7094,709,133279,19,1737378
2025-06-10,Facebook,20s,Male,14079,910,187215,36,1701827
2025-06-10,Instagram,40s,Male,13686,900,181994,2,1511293
2025-06-10,Google,30s,Male,7814,781,284710,4,1213687
2025-06-10,Facebook,50s+,Female,5009,375,298209,21,245918
2025-06-10,Facebook,20s,Female,16101,144,190096,28,885568
2025-06-10,Facebook,30s,Female,14682,134,289490,26,1702165
2025-06-10,Google,30s,Female,5886,245,128012,44,710963
2025-06-10,Instagram,30s,Female,14978,973,219258,5,544088
2025-06-10,Google,30s,Male,5499,112,114082,3,735160
2025-06-10,Facebook,30s,Male,15032,348,132206,28,1046148
2025-06-10,Google,20s,Male,14808,319,257883,15,593014
2025-06-10,Facebook,20s,Male,7305,342,235808,45,841518
2025-06-10,Google,40s,Male,12645,699,79858,47,600637
2025-06-10,Facebook,40s,Male,6379,381,199955,40,515250
2025-06-10,Naver,50s+,Male,19452,168,287277,3,1206791
2025-06-10,Facebook,50s+,Male,18895,764,255981,36,1077327
2025-06-10,Naver,20s,Male,10218,195,152426,16,618722
2025-06-10,Google,40s,Female,5866,487,64430,36,266534
2025-06-10,Facebook,40s,Female,18528,167,299349,33,542759
2025-06-10,Google,20s,Female,19662,448,243524,21,1693895
2025-06-10,Naver,20s,Male,5735,573,242163,29,697501
2025-06-10,Instagram,20s,Male,8492,266,83769,6,965435
2025-06-11,Google,40s,Female,5223,522,189940,49,114201
2025-06-11,Naver,50s+,Female,9670,967,63899,34,775009
2025-06-11,Facebook,30s,Male,13663,131,232602,3,1764234
2025-06-11,Google,40s,Female,10479,665,132586,13,1425347
2025-06-11,Facebook,20s,Female,10495,317,63865,8,1364678
2025-06-11,Organic,20s,Female,8296,263,211098,38,1552658
2025-06-11,Naver,20s,Male,18092,298,243651,19,639552
2025-06-11,Naver,20s,Female,18325,544,92142,12,1011377
2025-06-11,Google,20s,Male,18412,736,80580,13,581885
2025-06-11,Google,40s,Female,6840,684,223259,26,1820487
2025-06-11,Naver,40s,Male,18315,839,199243,2,964173
2025-06-11,Google,40s,Female,17728,476,184401,17,1021160
2025-06-11,Instagram,50s+,Female,5672,308,248859,35,781629
2025-06-11,Google,20s,Male,17907,395,270004,33,937277
2025-06-11,Naver,40s,Male,13729,386,155255,1,1890583
2025-06-11,Google,30s,Male,8999,899,94118,11,519024
2025-06-11,Instagram,50s+,Female,18811,317,71882,44,1028591
2025-06-11,Google,20s,Male,6107,610,156985,17,1486198
2025-06-11,Instagram,50s+,Male,11434,485,53219,7,1116398
2025-06-11,Instagram,20s,Female,9589,414,283432,47,241202
2025-06-11,Facebook,30s,Female,17251,535,250599,18,835251
2025-06-11,Facebook,30s,Female,14372,370,218535,33,1861593
2025-06-11,Naver,30s,Male,10252,150,90099,26,617161
2025-06-11,Facebook,40s,Male,18693,480,289961,22,148272
2025-06-11,Naver,50s+,Female,15161,366,227276,37,799182
2025-06-11,Instagram,50s+,Female,15780,480,146388,25,1253581
2025-06-11,Google,50s+,Male,7958,501,268653,33,195383
2025-06-11,Naver,20s,Male,7472,747,231465,11,785518
2025-06-11,Facebook,20s,Male,19176,913,231569,14,1330709
2025-06-12,Facebook,50s+,Female,7490,749,142307,30,223033
2025-06-12,Google,30s,Male,12841,912,86536,46,105322
2025-06-12,Facebook,40s,Female,19582,237,292519,40,1172694
2025-06-12,Facebook,30s,Male,15174,486,230738,16,1565276
2025-06-12,Organic,30s,Female,5733,573,164120,29,1884796
2025-06-12,Google,30s,Female,12227,735,137131,38,911983
2025-06-12,Google,50s+,Male,16575,274,262619,12,944564
2025-06-12,Facebook,30s,Female,5780,578,146949,24,677349
2025-06-12,Facebook,30s,Female,8219,201,130835,37,239615
2025-06-12,Facebook,20s,Male,11175,230,295618,21,1471718
2025-06-12,Naver,50s+,Male,10383,384,114234,7,1614406
2025-06-12,Organic,50s+,Male,8289,272,117691,25,829076
2025-06-12,Naver,40s,Male,10219,987,117446,39,715751
2025-06-12,Naver,40s,Female,19687,893,260150,21,948577
2025-06-12,Instagram,40s,Female,9223,922,200423,17,1784155
2025-06-12,Google,40s,Male,5367,248,219600,44,238232
2025-06-12,Facebook,40s,Female,6354,418,178640,11,422896
2025-06-12,Google,40s,Male,14060,823,248698,9,1186854
2025-06-12,Google,30s,Male,5545,163,92442,5,1021813
2025-06-12,Facebook,20s,Male,6611,661,133302,7,1247783
2025-06-12,Naver,20s,Male,18792,284,86985,46,1841654
2025-06-12,Google,40s,Female,6974,106,50594,13,902091
2025-06-12,Naver,50s+,Female,14148,336,262765,25,495622
2025-06-12,Google,40s,Female,19426,307,248867,15,900863
2025-06-12,Google,20s,Male,11064,544,186458,27,1283793
2025-06-12,Instagram,30s,Male,5690,301,241271,47,917590
2025-06-12,Google,40s,Male,19520,620,123797,43,852324
2025-06-12,Instagram,40s,Female,11223,991,284879,43,1042540
2025-06-12,Naver,30s,Male,6218,550,78748,34,430112
2025-06-12,Instagram,30s,Male,10106,910,106350,4,1876700
2025-06-12,Facebook,40s,Female,6435,643,269278,7,422820
2025-06-12,Organic,30s,Male,17582,162,228200,32,535665
2025-06-12,Naver,30s,Female,19274,835,267763,10,1036681
2025-06-12,Facebook,50s+,Male,18939,465,184320,26,618070
2025-06-12,Google,50s+,Male,9363,840,179250,32,1602571
2025-06-12,Facebook,30s,Male,15866,585,129762,17,384532
2025-06-12,Organic,30s,Male,18402,610,63092,29,572884
2025-06-12,Organic,20s,Male,16853,512,83398,18,992330
2025-06-13,Google,30s,Female,14189,367,191214,18,289664
2025-06-13,Facebook,50s+,Male,7126,712,240200,34,1187738
2025-06-13,Google,20s,Female,18454,126,226603,15,1449861
2025-06-13,Facebook,30s,Female,9833,627,107538,11,318293
2025-06-13,Organic,30s,Female,7332,365,82644,43,1401609
2025-06-13,Instagram,50s+,Female,15207,890,282818,26,1251618
2025-06-13,Facebook,30s,Male,7750,343,262732,13,729947
2025-06-13,Google,20s,Female,19990,203,141179,40,1796074
2025-06-13,Google,40s,Male,14488,770,58175,22,1477250
2025-06-13,Facebook,40s,Male,11019,949,173659,11,283234
2025-06-13,Facebook,40s,Male,12515,204,274343,34,315918
2025-06-13,Organic,20s,Male,13411,393,63907,6,1019197
2025-06-13,Facebook,30s,Male,6716,521,188201,26,569077
2025-06-13,Google,20s,Female,15076,630,77934,12,1005176
2025-06-13,Google,20s,Female,12105,200,158217,40,294552
2025-06-13,Google,50s+,Male,10241,469,62901,5,963287
2025-06-13,Organic,20s,Male,8092,682,91859,5,1397029
2025-06-13,Google,20s,Female,12153,290,81908,27,1929135
2025-06-13,Organic,50s+,Male,16785,653,95825,46,1973336
2025-06-13,Facebook,30s,Female,14529,984,104910,1,1965268
2025-06-13,Facebook,40s,Female,7482,681,190363,4,1147498
2025-06-13,Naver,50s+,Male,12119,207,161102,7,1337062
2025-06-13,Naver,30s,Male,6093,609,130998,5,1810202
2025-06-13,Instagram,30s,Female,6397,171,232738,34,180489
2025-06-13,Naver,30s,Male,15235,717,252335,25,1190547
2025-06-13,Organic,50s+,Female,18913,843,266589,9,1148858
2025-06-13,Facebook,40s,Male,14863,269,204481,15,1687093
2025-06-13,Naver,40s,Male,9998,164,174081,14,1986284
2025-06-13,Google,40s,Female,6562,477,106815,26,1353224
2025-06-13,Facebook,30s,Male,7883,212,222300,20,1955626
2025-06-13,Naver,40s,Male,5976,597,74676,18,1336524
2025-06-13,Facebook,40s,Female,17742,104,166385,20,986133
2025-06-13,Google,50s+,Male,14325,524,98259,19,653018
2025-06-13,Google,50s+,Female,17853,748,146069,18,912499
2025-06-13,Naver,30s,Male,13632,284,219909,5,1898045
2025-06-13,Google,50s+,Female,5412,541,77380,18,1228737
2025-06-13,Google,20s,Female,12724,398,61479,13,181650
2025-06-13,Google,40s,Male,19636,879,145887,17,381273
2025-06-13,Facebook,40s,Male,9199,513,196020,35,1449248
2025-06-13,Naver,40s,Female,14288,676,56430,32,712127
2025-06-13,Facebook,50s+,Male,10179,245,260626,22,1144539
2025-06-14,Instagram,50s+,Male,6493,649,197215,47,1926817
2025-06-14,Facebook,40s,Female,9346,792,144187,39,1075677
2025-06-14,Instagram,20s,Male,7474,516,198940,20,1433190
2025-06-14,Organic,50s+,Female,13087,261,67123,13,1741814
2025-06-14,Google,40s,Female,5809,260,250386,24,1510224
2025-06-14,Instagram,40s,Male,11640,325,97368,24,1484612
2025-06-14,Instagram,30s,Male,10694,303,195859,9,1319723
2025-06-14,Naver,20s,Female,17928,759,84846,4,1448169
2025-06-14,Facebook,50s+,Female,8976,456,253119,13,1330743
2025-06-14,Organic,50s+,Female,15828,547,62525,41,690539
2025-06-14,Facebook,20s,Male,9796,248,248094,6,1422597
2025-06-14,Google,50s+,Male,14795,866,133916,35,1580747
2025-06-14,Naver,20s,Female,8741,149,89356,29,1899503
2025-06-14,Instagram,40s,Female,6448,644,193008,34,954218
2025-06-14,Google,20s,Female,11179,846,154507,14,635752
2025-06-14,Google,30s,Female,15646,607,107684,20,1706968
2025-06-14,Naver,40s,Female,13140,748,128672,20,602311
2025-06-14,Facebook,30s,Female,6547,109,287844,9,1038075
2025-06-14,Facebook,20s,Male,6028,415,287015,32,473624
2025-06-14,Google,40s,Female,18508,665,249502,19,1873036
2025-06-14,Google,20s,Female,19541,119,247849,23,192352
2025-06-14,Google,50s+,Female,17331,478,291013,48,485624
2025-06-14,Instagram,40s,Female,8696,803,130792,27,1130491
2025-06-14,Facebook,40s,Female,14702,517,127086,6,1920561
2025-06-14,Facebook,40s,Female,5567,556,134682,11,1902928
2025-06-14,Google,30s,Female,11688,140,213857,24,1296338
2025-06-14,Naver,50s+,Female,18062,954,118194,14,1059371
2025-06-14,Facebook,50s+,Female,13389,420,138493,44,894790
2025-06-15,Google,40s,Male,15758,652,191443,13,185168
2025-06-15,Facebook,50s+,Female,14340,546,152398,16,572718
2025-06-15,Google,50s+,Female,11621,311,289665,32,1072118
2025-06-15,Organic,40s,Male,15886,812,182139,30,1061989
2025-06-15,Facebook,40s,Male,12279,338,147154,9,667192
2025-06-15,Google,30s,Male,8621,540,205690,33,1608912
2025-06-15,Google,30s,Male,18917,153,156562,30,103956
2025-06-15,Naver,20s,Male,13305,391,152697,29,722693
2025-06-15,Google,50s+,Female,6070,102,77489,20,1124219
2025-06-15,Google,30s,Male,17238,893,51106,15,1048011
2025-06-15,Instagram,30s,Female,9480,801,95052,20,263690
2025-06-15,Instagram,30s,Male,6102,362,274109,32,897481
2025-06-15,Facebook,20s,Female,16029,119,163395,23,803510
2025-06-15,Google,20s,Male,12110,643,285324,26,653594
2025-06-15,Naver,20s,Female,14289,561,170621,48,1863422
2025-06-15,Naver,40s,Male,16828,539,230135,15,1114484
2025-06-16,Facebook,20s,Female,8307,372,106972,17,1424229
2025-06-16,Facebook,50s+,Female,8482,327,75816,24,1563923
2025-06-16,Naver,20s,Female,6466,411,220201,10,771082
2025-06-16,Facebook,30s,Female,6311,209,151264,30,1610444
2025-06-16,Facebook,20s,Male,12557,704,216577,41,268003
2025-06-16,Google,50s+,Male,13848,260,59105,7,1991422
2025-06-16,Facebook,20s,Female,7977,546,67711,1,828178
2025-06-16,Facebook,20s,Female,15183,284,200256,20,1652079
2025-06-16,Instagram,50s+,Male,18532,509,185238,14,1524945
2025-06-16,Instagram,40s,Male,9851,430,284327,31,1294421
2025-06-16,Instagram,50s+,Female,18941,329,83418,47,878457
2025-06-16,Google,20s,Male,18290,854,233098,11,1815622
2025-06-16,Naver,50s+,Male,7627,762,64436,1,1926545
2025-06-16,Google,30s,Male,12982,842,259267,11,1144440
2025-06-16,Instagram,30s,Female,10165,813,156503,8,263697
2025-06-16,Google,30s,Male,12712,600,241773,34,1328036
2025-06-16,Naver,50s+,Male,17282,834,73640,24,657376
2025-06-16,Facebook,50s+,Female,14010,962,190835,34,405148
2025-06-16,Naver,40s,Female,11903,449,96504,36,1902684
2025-06-16,Facebook,50s+,Female,12745,408,129817,19,1838504
2025-06-16,Facebook,20s,Male,5409,540,183501,33,629972
2025-06-16,Google,50s+,Female,15837,399,239547,19,683342
2025-06-16,Google,40s,Female,15324,865,216037,31,215955
2025-06-16,Organic,40s,Female,8012,801,136981,48,539828
2025-06-16,Instagram,50s+,Female,16912,448,131841,6,887985
2025-06-16,Facebook,40s,Male,5982,544,100712,18,810182
2025-06-16,Google,40s,Male,7746,712,236581,24,739691
2025-06-16,Naver,30s,Female,7902,790,237153,11,1438174
2025-06-16,Google,20s,Female,8061,553,264880,29,1804226
2025-06-16,Naver,40s,Male,8644,864,298359,13,115376
2025-06-16,Organic,50s+,Female,18351,412,252618,35,1941987
2025-06-16,Google,30s,Female,19158,557,133303,15,990787
2025-06-16,Facebook,20s,Female,6623,553,92281,4,880301
2025-06-16,Organic,50s+,Female,6403,640,192453,4,772230
2025-06-17,Naver,20s,Male,6715,357,277191,16,443643
2025-06-17,Google,40s,Female,10840,719,251594,45,233124
2025-06-17,Google,30s,Male,5800,228,139076,18,760795
2025-06-17,Google,20s,Male,8432,179,173957,29,1663437
2025-06-17,Naver,30s,Male,17691,679,145898,30,266026
2025-06-17,Naver,40s,Female,11618,247,198903,10,1804752
2025-06-17,Google,50s+,Male,5859,246,126967,29,985073
2025-06-17,Instagram,50s+,Male,17851,908,281539,44,1036369
2025-06-17,Google,40s,Male,16116,460,57367,30,245181
2025-06-17,Organic,50s+,Female,12274,689,78871,36,983204
2025-06-17,Facebook,30s,Female,12343,481,156623,44,120835
2025-06-17,Facebook,40s,Male,16990,303,67192,28,305422
2025-06-17,Organic,30s,Male,14473,986,53462,20,496478
2025-06-17,Instagram,20s,Female,6204,176,101599,35,942143
2025-06-17,Google,50s+,Female,13419,670,134473,39,1189188
2025-06-17,Instagram,40s,Female,18891,605,277547,16,846499
2025-06-17,Instagram,50s+,Male,8037,495,202835,8,609754
2025-06-17,Instagram,50s+,Female,14806,891,164463,39,1428574
2025-06-17,Facebook,20s,Female,10126,533,87341,39,1444850
2025-06-17,Facebook,50s+,Female,17929,348,239523,23,515937
2025-06-17,Facebook,20s,Female,8187,664,149712,26,377949
2025-06-17,Naver,50s+,Female,9119,385,135606,46,875579
2025-06-17,Facebook,40s,Male,9569,459,118698,5,302066
2025-06-17,Google,40s,Male,19830,666,81430,15,1638894
2025-06-17,Facebook,30s,Female,7050,336,234110,41,443773
2025-06-18,Google,50s+,Female,7637,250,220453,2,920581
2025-06-18,Facebook,40s,Female,7763,272,252576,7,1878558
2025-06-18,Facebook,20s,Female,11505,845,93960,19,1474549
2025-06-18,Google,50s+,Male,7390,739,126337,20,1455705
2025-06-18,Google,20s,Male,11224,901,209934,5,989513
2025-06-18,Naver,20s,Male,9031,348,167378,49,1997704
2025-06-18,Facebook,50s+,Male,12577,861,143490,43,447312
2025-06-18,Google,30s,Female,17502,265,185871,9,804705
2025-06-18,Naver,40s,Female,15030,707,133568,43,1288729
2025-06-18,Organic,20s,Male,6102,610,109830,17,1243367
2025-06-18,Naver,30s,Male,6755,322,259729,27,1180180
2025-06-18,Facebook,30s,Male,17060,116,68996,5,443349
2025-06-18,Instagram,40s,Male,8500,586,295411,41,1696541
2025-06-18,Google,20s,Male,5612,561,138904,49,924599
2025-06-18,Facebook,40s,Female,18543,382,237064,14,977897
2025-06-18,Facebook,30s,Male,19404,794,247287,33,369042
2025-06-18,Naver,30s,Male,9983,683,170076,23,1449196
2025-06-19,Google,40s,Male,13310,190,95383,38,125302
2025-06-19,Google,30s,Female,17036,100,90320,20,776881
2025-06-19,Google,20s,Male,13139,966,239657,37,873054
2025-06-19,Naver,40s,Male,11793,333,68062,6,1560975
2025-06-19,Facebook,30s,Male,12538,187,269422,16,1699851
2025-06-19,Facebook,50s+,Female,19594,762,74933,46,1155378
2025-06-19,Facebook,30s,Male,6357,635,182580,33,675657
2025-06-19,Instagram,30s,Female,16878,398,262447,2,471134
2025-06-19,Facebook,50s+,Male,10174,501,137518,25,120090
2025-06-19,Google,50s+,Male,6638,129,240892,25,1367732
2025-06-19,Google,30s,Female,14145,150,54314,30,1528765
2025-06-19,Google,40s,Male,13204,156,184892,10,1951641
2025-06-19,Facebook,30s,Female,15305,531,87950,36,1241450
2025-06-19,Naver,20s,Male,9605,899,146246,16,1232669
2025-06-19,Facebook,40s,Male,17521,314,91226,16,763224
2025-06-19,Naver,50s+,Male,7749,454,89462,39,1018445
2025-06-19,Facebook,40s,Male,5448,194,159395,37,604882
2025-06-19,Organic,20s,Male,17068,430,87206,23,1637764
2025-06-19,Facebook,30s,Female,8923,856,123648,44,1056359
2025-06-19,Naver,40s,Male,10003,993,212755,28,1599550
2025-06-19,Facebook,20s,Male,11815,661,277578,36,322632
2025-06-19,Google,50s+,Female,8153,304,145669,23,1950049
2025-06-19,Naver,20s,Male,17648,359,167657,8,1308544
2025-06-19,Google,40s,Male,13131,881,157693,34,380735
2025-06-19,Facebook,40s,Female,8696,869,257782,10,427165
2025-06-19,Google,30s,Female,6071,405,283383,39,1505877
2025-06-19,Facebook,40s,Male,12552,186,214882,37,427396
2025-06-19,Google,50s+,Female,7502,657,288398,44,693139
2025-06-19,Facebook,50s+,Female,11316,851,85115,9,1362031
2025-06-19,Naver,50s+,Male,8685,844,145243,25,153755
2025-06-20,Organic,40s,Male,15665,932,234317,23,704007
2025-06-20,Instagram,40s,Male,9241,380,93356,13,267260
2025-06-20,Instagram,20s,Male,17492,954,228655,35,1008337
2025-06-20,Facebook,30s,Male,12847,366,87825,47,450821
2025-06-20,Facebook,50s+,Male,14607,165,198382,26,1130366
2025-06-20,Naver,30s,Male,11992,331,224665,49,124922
2025-06-20,Facebook,50s+,Male,16941,801,266833,49,1067458
2025-06-20,Google,30s,Female,15517,646,219012,40,1570319
2025-06-20,Google,20s,Female,17985,850,132390,39,1743198
2025-06-20,Google,30s,Female,15429,833,93892,9,645394
2025-06-20,Facebook,30s,Female,18057,817,174911,39,1295529
2025-06-20,Naver,50s+,Male,10625,370,84096,41,662657
2025-06-20,Google,30s,Female,16044,755,257682,48,137333
2025-06-20,Naver,40s,Female,16278,197,215029,39,451921
2025-06-20,Facebook,50s+,Male,14701,799,146072,22,335364
2025-06-20,Naver,50s+,Female,5876,229,224196,9,1580911
2025-06-20,Naver,40s,Female,7956,669,77397,9,1084497
2025-06-20,Organic,40s,Female,11530,233,202352,17,1569162
2025-06-20,Naver,30s,Male,7697,319,58855,2,300447
2025-06-20,Facebook,20s,Female,6020,496,150100,1,1809969
2025-06-20,Organic,30s,Male,9989,734,219088,4,1964958
2025-06-20,Naver,30s,Male,5505,127,177721,25,1123761
2025-06-20,Facebook,30s,Male,15853,572,229933,26,1573932
2025-06-20,Naver,40s,Male,8374,591,164696,42,292773
2025-06-20,Facebook,40s,Male,6473,557,187501,46,397493
2025-06-21,Naver,40s,Female,17224,922,125146,11,491524
2025-06-21,Facebook,30s,Female,11647,914,104565,18,734250
2025-06-21,Facebook,40s,Male,18647,605,139845,9,1156701
2025-06-21,Facebook,50s+,Male,7076,707,271394,13,1571910
2025-06-21,Naver,20s,Male,12247,150,83901,26,1325495
2025-06-21,Organic,50s+,Female,11533,719,201886,5,359493
2025-06-21,Naver,30s,Female,10309,413,74296,36,1581600
2025-06-21,Instagram,30s,Male,13685,762,139648,11,414001
2025-06-21,Google,20s,Female,10739,316,124105,1,1761099
2025-06-21,Naver,20s,Female,14361,671,228471,17,1135794
2025-06-21,Instagram,20s,Male,7845,109,162549,21,1081358
2025-06-21,Facebook,40s,Male,15674,712,295168,44,1849644
2025-06-21,Instagram,20s,Male,15440,681,294491,8,108841
2025-06-21,Google,30s,Female,17866,657,96283,9,484881
2025-06-21,Facebook,20s,Male,15221,524,221601,41,369317
2025-06-21,Naver,50s+,Female,8871,740,65456,31,966475
2025-06-21,Facebook,30s,Female,12365,893,92935,18,1662380
2025-06-21,Facebook,50s+,Female,13568,806,258067,49,334678
2025-06-21,Organic,30s,Male,14360,207,159002,20,487034
2025-06-21,Instagram,20s,Female,17066,606,209799,37,173207
2025-06-21,Facebook,30s,Female,9362,338,104610,3,519832
2025-06-21,Organic,40s,Male,19560,706,215616,21,934424
2025-06-21,Facebook,30s,Female,9470,137,233373,25,1976867
2025-06-21,Facebook,30s,Male,9141,769,85578,9,1551963
2025-06-21,Google,20s,Female,7512,751,147649,15,300453
2025-06-21,Facebook,20s,Female,11734,216,103598,43,411363
2025-06-22,Google,40s,Male,6790,486,182848,19,421300
2025-06-22,Facebook,20s,Female,19228,155,111486,31,1556926
2025-06-22,Facebook,30s,Female,9561,342,263212,47,1063121
2025-06-22,Google,50s+,Male,18468,624,181482,37,1348936
2025-06-22,Facebook,30s,Female,9382,938,223339,29,1955650
2025-06-22,Google,40s,Male,8401,270,75052,22,815919
2025-06-22,Organic,30s,Female,14381,707,208739,6,1036471
2025-06-22,Naver,40s,Male,6415,641,81363,18,1180064
2025-06-22,Naver,50s+,Male,18981,325,189237,18,1700074
2025-06-22,Instagram,50s+,Female,18285,931,261433,23,1009766
2025-06-22,Google,30s,Female,17013,444,178198,49,1216784
2025-06-22,Instagram,30s,Female,11126,221,166354,21,1659856
2025-06-22,Naver,50s+,Female,10462,333,234282,44,1342362
2025-06-22,Facebook,40s,Male,17259,342,298977,1,1372879
2025-06-22,Facebook,40s,Female,7298,729,154171,38,579212
2025-06-22,Naver,40s,Female,7109,144,210771,13,985386
2025-06-22,Naver,30s,Male,16480,376,76876,10,1952274
2025-06-22,Naver,30s,Male,18136,444,182807,25,826571
2025-06-22,Naver,50s+,Female,5838,173,217859,24,1290521
2025-06-22,Organic,30s,Male,5326,280,250283,43,832860
2025-06-22,Organic,50s+,Male,10942,545,249587,12,1522662
2025-06-22,Google,20s,Male,6894,203,190046,13,771395
2025-06-22,Instagram,30s,Female,10624,665,95796,37,1892343
2025-06-22,Google,20s,Female,16947,309,112232,3,1977011
2025-06-22,Organic,50s+,Female,12700,643,115669,21,1007851
2025-06-22,Google,20s,Male,16618,159,160670,19,608873
2025-06-22,Facebook,30s,Male,18633,912,289280,46,193541
2025-06-23,Google,30s,Female,19582,392,295471,26,1490825
2025-06-23,Facebook,40s,Male,12202,865,122208,10,127871
2025-06-23,Naver,40s,Female,16438,224,133715,3,718700
2025-06-23,Naver,40s,Female,15147,469,126285,47,253180
2025-06-23,Facebook,20s,Male,5713,571,220820,14,1741070
2025-06-23,Naver,20s,Male,10537,869,105329,16,1694774
2025-06-23,Google,20s,Female,13584,239,286374,30,1561061
2025-06-23,Organic,40s,Female,13440,694,85294,9,1847558
2025-06-23,Naver,20s,Female,11338,184,66407,35,1976111
2025-06-23,Google,20s,Male,14949,477,134741,28,831543
2025-06-23,Facebook,50s+,Male,7179,129,240578,15,699418
2025-06-23,Facebook,20s,Female,11266,448,111903,16,1961963
2025-06-23,Facebook,50s+,Male,15050,599,162906,7,989550
2025-06-23,Instagram,50s+,Male,12931,126,245950,25,1558569
2025-06-23,Google,30s,Male,12593,803,285573,42,1729063
2025-06-23,Facebook,50s+,Female,12344,775,166313,28,1055045
2025-06-23,Naver,30s,Male,11400,798,167815,29,653975
2025-06-23,Google,50s+,Female,18456,343,150476,2,706329
2025-06-23,Google,20s,Female,11068,124,234087,24,496100
2025-06-23,Naver,20s,Female,10502,622,269522,17,1537910
2025-06-23,Naver,30s,Male,9956,355,63731,48,542400
2025-06-23,Instagram,20s,Male,10250,167,136404,31,961735
2025-06-23,Facebook,30s,Female,12704,141,106842,28,1862431
2025-06-23,Naver,20s,Female,5774,289,58375,20,1154403
2025-06-23,Facebook,50s+,Male,17905,363,263901,37,242357
2025-06-23,Instagram,20s,Male,11449,368,164568,24,1144147
2025-06-23,Facebook,20s,Male,19715,409,140768,41,902636
2025-06-23,Naver,40s,Male,5632,556,299675,39,1054482
2025-06-23,Naver,40s,Female,8919,186,54669,31,304665
2025-06-23,Google,50s+,Male,18545,731,130770,22,1518002
2025-06-24,Google,40s,Female,10961,811,150716,34,650030
2025-06-24,Google,50s+,Male,18027,499,230915,11,1756183
2025-06-24,Facebook,50s+,Male,8854,158,281425,26,800093
2025-06-24,Naver,20s,Male,8909,890,97050,3,268563
2025-06-24,Instagram,40s,Male,13810,614,72448,33,1675360
2025-06-24,Organic,20s,Female,15865,353,289270,15,308058
2025-06-24,Naver,50s+,Female,6311,631,184473,6,572343
2025-06-24,Facebook,30s,Male,17923,854,88889,26,873854
2025-06-24,Google,20s,Female,14854,480,299061,49,1328852
2025-06-24,Organic,40s,Male,8493,666,167895,33,705174
2025-06-24,Facebook,40s,Female,16093,371,84818,24,1656397
2025-06-24,Google,40s,Female,18232,154,236602,28,1065399
2025-06-24,Organic,50s+,Male,11972,450,284748,31,552898
2025-06-24,Facebook,30s,Male,11446,252,72641,4,1649478
2025-06-24,Google,40s,Male,15561,804,212550,21,509336
2025-06-24,Facebook,40s,Female,15884,355,262939,49,638378
2025-06-24,Google,50s+,Female,7825,782,107605,42,1784676
2025-06-24,Facebook,50s+,Male,14557,599,237802,7,1561120
2025-06-24,Facebook,40s,Male,5968,596,278559,25,685678
2025-06-24,Google,40s,Female,10494,224,197851,17,1659819
2025-06-25,Google,40s,Male,8450,490,297734,38,828646
2025-06-25,Facebook,50s+,Male,7970,797,75844,30,1421526
2025-06-25,Organic,20s,Female,9186,816,295110,49,808704
2025-06-25,Google,50s+,Male,6381,318,191397,49,621686
2025-06-25,Facebook,20s,Female,8877,887,104946,7,1499413
2025-06-25,Facebook,50s+,Male,14398,107,165595,21,532096
2025-06-25,Naver,30s,Female,8718,144,182053,28,881468
2025-06-25,Organic,50s+,Male,10638,509,203942,38,1778399
2025-06-25,Naver,20s,Female,14531,796,272511,28,103655
2025-06-25,Facebook,50s+,Male,10346,171,227712,34,283129
2025-06-25,Google,40s,Male,19514,431,90031,48,1326353
2025-06-25,Google,40s,Female,7594,398,219724,41,1090267
2025-06-25,Instagram,40s,Female,16816,323,200094,13,1755620
2025-06-25,Google,30s,Male,7372,463,247490,40,738309
2025-06-25,Facebook,30s,Male,15930,820,153205,43,1664500
2025-06-25,Google,30s,Male,16342,444,244250,42,423051
2025-06-25,Organic,20s,Male,11490,548,228166,9,1784506
2025-06-25,Instagram,30s,Male,11066,912,61055,43,1583549
2025-06-25,Naver,40s,Female,10973,608,148092,37,1642056
2025-06-25,Naver,40s,Female,10653,629,172006,29,1440674
2025-06-25,Facebook,40s,Female,15280,587,140192,26,236869
2025-06-25,Organic,20s,Female,8708,616,275108,45,1784854
2025-06-25,Organic,20s,Male,8483,848,133713,45,458989
2025-06-25,Google,20s,Female,5125,512,124982,7,773856
2025-06-25,Google,20s,Female,11459,420,156038,25,612272
2025-06-25,Google,40s,Female,19474,603,287849,45,963241
2025-06-25,Google,20s,Male,7960,329,218751,11,1905823
2025-06-26,Google,20s,Female,16148,990,286973,7,1547567
2025-06-26,Google,30s,Male,10029,567,201853,3,374960
2025-06-26,Facebook,30s,Male,19095,872,71032,36,128438
2025-06-26,Organic,40s,Male,9145,633,50713,8,914623
2025-06-26,Instagram,50s+,Female,15875,808,182800,44,1350761
2025-06-26,Instagram,50s+,Male,16159,691,139985,34,270385
2025-06-26,Google,30s,Male,8070,490,199524,15,1318093
2025-06-26,Instagram,50s+,Female,12596,661,70647,5,1676941
2025-06-26,Organic,50s+,Male,9277,381,273519,38,338786
2025-06-26,Facebook,20s,Male,13499,105,54080,15,1325615
2025-06-26,Facebook,40s,Female,8131,260,117874,15,1054545
2025-06-26,Naver,50s+,Male,13353,603,78635,15,1107360
2025-06-26,Google,20s,Male,16996,146,68307,21,1112716
2025-06-26,Naver,50s+,Female,19845,188,98974,37,1134815
2025-06-26,Facebook,20s,Male,13228,795,237452,13,1260381
2025-06-26,Facebook,40s,Female,5091,309,107391,42,1085935
2025-06-26,Facebook,30s,Female,16834,517,243824,26,1930121
2025-06-26,Facebook,20s,Female,12740,746,79120,25,217102
2025-06-26,Facebook,30s,Female,17291,381,180959,32,411110
2025-06-26,Organic,50s+,Male,9058,905,125732,46,1977227
2025-06-26,Naver,50s+,Female,12701,683,136866,23,513769
2025-06-26,Organic,40s,Male,7971,535,241626,31,360536
2025-06-26,Naver,30s,Male,8669,866,135315,48,650755
2025-06-26,Naver,40s,Male,11962,224,166262,8,1381206
2025-06-26,Instagram,40s,Female,19672,541,123121,3,1401953
2025-06-26,Instagram,30s,Female,11993,201,249800,28,750504
2025-06-26,Naver,20s,Male,17329,791,145011,49,617637
2025-06-26,Naver,20s,Female,19341,545,159666,16,1714170
2025-06-26,Google,50s+,Female,8581,460,138002,12,606245
2025-06-26,Facebook,40s,Male,19844,360,165795,32,1974576
2025-06-26,Naver,50s+,Female,12950,864,239047,27,846794
2025-06-27,Google,50s+,Male,13152,605,256682,18,1662547
2025-06-27,Google,40s,Male,5932,230,209130,39,759481
2025-06-27,Naver,20s,Female,17319,422,286884,18,1764464
2025-06-27,Facebook,50s+,Male,6192,619,292357,27,875070
2025-06-27,Google,20s,Female,9709,922,192002,31,116667
2025-06-27,Facebook,30s,Female,12019,485,265514,41,566956
2025-06-27,Facebook,20s,Male,10223,898,127441,12,1801905
2025-06-27,Instagram,20s,Female,13053,833,85964,24,1876314
2025-06-27,Google,40s,Male,12899,527,126984,44,1235907
2025-06-27,Facebook,50s+,Male,8531,106,85585,21,1787121
2025-06-27,Naver,20s,Male,14836,127,165041,25,1435869
2025-06-27,Instagram,50s+,Female,19661,109,89399,21,1432116
2025-06-27,Google,30s,Female,10716,339,130857,21,1468565
2025-06-27,Organic,50s+,Male,11958,830,124443,2,1575551
2025-06-27,Google,30s,Male,5205,409,59526,1,1535675
2025-06-27,Facebook,30s,Female,7316,615,70928,31,129879
2025-06-27,Naver,40s,Male,6694,530,275857,26,1877843
2025-06-27,Google,20s,Female,9064,506,185406,29,1725762
2025-06-27,Organic,20s,Male,18454,639,232094,43,1011101
2025-06-27,Naver,50s+,Female,6345,170,222969,34,1817489
2025-06-27,Organic,20s,Male,10432,240,253122,18,1601049
2025-06-27,Facebook,30s,Male,6182,589,116999,48,414918
2025-06-27,Naver,50s+,Female,11309,810,239053,23,686603
2025-06-27,Google,50s+,Female,14760,487,276979,18,1795600
2025-06-27,Naver,20s,Female,8126,812,163281,24,1992152
2025-06-27,Google,40s,Female,8787,100,80330,20,515905
2025-06-27,Google,40s,Male,6817,681,252302,28,302956
2025-06-27,Facebook,50s+,Male,19242,262,89439,30,1931341
2025-06-27,Naver,30s,Female,19461,692,147923,40,138734
2025-06-27,Google,20s,Female,11164,823,113620,21,1924905
2025-06-27,Instagram,50s+,Male,13280,883,149169,17,1020601
2025-06-28,Naver,50s+,Male,5032,188,133032,20,1028452
2025-06-28,Instagram,40s,Male,18752,759,284808,47,334657
2025-06-28,Google,50s+,Male,15916,951,193486,44,1367255
2025-06-28,Naver,20s,Female,11110,666,184641,40,882601
2025-06-28,Instagram,50s+,Male,6834,354,298685,32,1762018
2025-06-28,Google,30s,Male,7519,408,122424,41,1455470
2025-06-28,Facebook,40s,Female,8944,203,159205,40,793849
2025-06-28,Google,50s+,Male,9350,420,202245,47,954504
2025-06-28,Facebook,20s,Male,10130,678,287837,35,978754
2025-06-28,Google,30s,Female,16592,874,250042,33,746194
2025-06-28,Facebook,20s,Male,14721,466,296095,37,1602497
2025-06-28,Facebook,30s,Male,16397,402,81371,20,1098921
2025-06-28,Facebook,20s,Male,9580,943,216594,26,1612587
2025-06-28,Instagram,50s+,Male,16181,150,280059,5,1495496
2025-06-28,Google,50s+,Male,15662,386,190103,3,775495
2025-06-28,Facebook,20s,Female,15616,246,171256,5,975345
2025-06-28,Facebook,40s,Male,10982,771,64014,23,710759
2025-06-28,Google,20s,Female,14497,397,132430,26,122866
2025-06-28,Facebook,50s+,Female,13585,610,245566,34,1091393
2025-06-28,Facebook,30s,Female,17632,600,285612,38,1801303
2025-06-28,Facebook,30s,Female,14361,374,124279,31,1466538
2025-06-28,Facebook,50s+,Female,19822,420,61638,45,1470401
2025-06-28,Naver,20s,Male,18815,610,245035,28,1927187
2025-06-28,Facebook,50s+,Male,14934,528,166329,48,636884
2025-06-29,Google,30s,Female,17344,374,288922,3,328810
2025-06-29,Naver,50s+,Female,12134,701,53465,19,1157993
2025-06-29,Google,50s+,Female,17465,826,263491,2,567208
2025-06-29,Facebook,30s,Male,11575,824,269576,48,879361
2025-06-29,Naver,40s,Male,5563,541,210018,24,1490539
2025-06-29,Facebook,30s,Male,6650,634,292954,17,187732
2025-06-29,Facebook,30s,Male,16615,949,165236,12,550803
2025-06-29,Facebook,50s+,Female,16538,538,185457,23,444118
2025-06-29,Facebook,20s,Male,15056,977,211706,26,172644
2025-06-29,Google,20s,Female,17176,834,194693,47,1579548
2025-06-29,Organic,50s+,Male,7018,701,145483,12,333496
2025-06-29,Facebook,50s+,Male,11579,546,100479,34,1181886
2025-06-29,Instagram,40s,Female,8481,623,100309,42,1751861
2025-06-29,Naver,30s,Female,17062,632,151086,28,362510
2025-06-29,Facebook,50s+,Male,8890,749,267827,37,757074
2025-06-29,Google,50s+,Male,8463,846,219915,9,1987591
2025-06-29,Facebook,40s,Male,14067,727,102370,45,296552
2025-06-29,Naver,50s+,Female,13989,674,226994,17,1842078
2025-06-29,Facebook,50s+,Male,19235,973,217038,47,1704504
2025-06-29,Naver,30s,Male,15739,832,241271,15,445842
2025-06-29,Naver,40s,Male,15270,903,62736,20,814202
2025-06-29,Naver,20s,Female,8196,563,106645,36,1588784
2025-06-29,Google,30s,Female,15117,282,218114,31,1912754
2025-06-29,Google,50s+,Female,7930,750,215668,35,1333548
2025-06-29,Facebook,30s,Male,12482,429,250816,47,330298
2025-06-29,Organic,20s,Female,10064,933,180066,40,814096
2025-06-29,Naver,40s,Male,5657,537,71261,7,256452
2025-06-29,Organic,40s,Male,7331,378,159162,20,795243
2025-06-29,Google,20s,Male,9272,124,173437,23,1293372
2025-06-29,Naver,30s,Female,12688,733,193294,13,1000870
